actor_id,name,type,bet_id,role_at_bet,source_url,confidence,rationale
committee-p5-2014,P5 2014 (HEPAP Particle Physics Project Prioritization Panel),committee,p5-2014-desi,ranking committee,https://www.usparticlephysics.org/wp-content/uploads/2018/03/FINAL_P5_Report_053014.pdf,confident,"Report of the Particle Physics Project Prioritization Panel, May 2014; panel listed in Appendix B (p. 57 of the PDF, local source lines 3310-3365)"
committee-p5-2014,P5 2014 (HEPAP Particle Physics Project Prioritization Panel),committee,p5-2014-lbnf,ranking committee,https://www.usparticlephysics.org/wp-content/uploads/2018/03/FINAL_P5_Report_053014.pdf,confident,"Report of the Particle Physics Project Prioritization Panel, May 2014; panel listed in Appendix B (p. 57 of the PDF, local source lines 3310-3365)"
committee-p5-2014,P5 2014 (HEPAP Particle Physics Project Prioritization Panel),committee,p5-2014-cmb-s4,ranking committee,https://www.usparticlephysics.org/wp-content/uploads/2018/03/FINAL_P5_Report_053014.pdf,confident,"Report of the Particle Physics Project Prioritization Panel, May 2014; panel listed in Appendix B (p. 57 of the PDF, local source lines 3310-3365)"
committee-astro2010,"Astro2010 Committee for a Decadal Survey of Astronomy and Astrophysics (New Worlds, New Horizons)",committee,astro2010-wfirst,ranking committee,https://nap.nationalacademies.org/read/12951/chapter/1,confident,"Committee membership printed in the front matter of New Worlds, New Horizons (NAP 12951); nap URL 301-redirects to www.nationalacademies.org/read/12951/chapter/1, which is what was read"
committee-astro2010,"Astro2010 Committee for a Decadal Survey of Astronomy and Astrophysics (New Worlds, New Horizons)",committee,astro2010-lsst,ranking committee,https://nap.nationalacademies.org/read/12951/chapter/1,confident,"Committee membership printed in the front matter of New Worlds, New Horizons (NAP 12951); nap URL 301-redirects to www.nationalacademies.org/read/12951/chapter/1, which is what was read"
steve-ritz,"Steve Ritz (University of California, Santa Cruz)",person,p5-2014-desi,P5 2014 chair,https://www.usparticlephysics.org/wp-content/uploads/2018/03/FINAL_P5_Report_053014.pdf,confident,"Appendix B, Panel Members: 'Steve Ritz, chair, University of California, Santa Cruz'; Ritz was also a member of the Astro2010 survey committee (NAP 12951 front matter)"
steve-ritz,"Steve Ritz (University of California, Santa Cruz)",person,p5-2014-lbnf,P5 2014 chair,https://www.usparticlephysics.org/wp-content/uploads/2018/03/FINAL_P5_Report_053014.pdf,confident,"Appendix B, Panel Members: 'Steve Ritz, chair, University of California, Santa Cruz'; Ritz was also a member of the Astro2010 survey committee (NAP 12951 front matter)"
steve-ritz,"Steve Ritz (University of California, Santa Cruz)",person,p5-2014-cmb-s4,P5 2014 chair,https://www.usparticlephysics.org/wp-content/uploads/2018/03/FINAL_P5_Report_053014.pdf,confident,"Appendix B, Panel Members: 'Steve Ritz, chair, University of California, Santa Cruz'; Ritz was also a member of the Astro2010 survey committee (NAP 12951 front matter)"
roger-blandford,Roger D. Blandford (Stanford University),person,astro2010-wfirst,Astro2010 survey committee chair,https://nap.nationalacademies.org/read/12951/chapter/1,confident,"Front matter lists 'Roger D. Blandford, Stanford University, Chair'; vice chairs Martha P. Haynes (Cornell), John P. Huchra (Harvard), Marcia J. Rieke (Arizona)"
roger-blandford,Roger D. Blandford (Stanford University),person,astro2010-lsst,Astro2010 survey committee chair,https://nap.nationalacademies.org/read/12951/chapter/1,confident,"Front matter lists 'Roger D. Blandford, Stanford University, Chair'; vice chairs Martha P. Haynes (Cornell), John P. Huchra (Harvard), Marcia J. Rieke (Arizona)"
alan-dressler,Alan Dressler (Observatories of the Carnegie Institution of Washington),person,astro2010-wfirst,"chair, Astro2010 Panel on Electromagnetic Observations from Space (the panel that received the JDEM-Omega, MPF and NIRSS inputs merged into WFIRST)",https://nap.nationalacademies.org/read/12951/chapter/1,confident,"Front matter names Dressler as EOS panel chair; the JDEM-Omega and NIRSS RFI responses (arXiv:1008.4936, arXiv:1008.3563) say they were submitted to the EOS panel. Dressler later sat on the WFIRST-AFTA SDT (arXiv:1503.03757, 2015)"
patrick-osmer,Patrick S. Osmer (Ohio State University),person,astro2010-lsst,"chair, Astro2010 Panel on Optical and Infrared Astronomy from the Ground",https://nap.nationalacademies.org/read/12951/chapter/1,confident,"Front matter names Osmer as OIR ground panel chair (vice chair Michael Skrutskie, Virginia); LSST was the top large ground priority"
hiroaki-aihara,Hiroaki Aihara (University of Tokyo),person,,P5 2014 panel member,https://www.usparticlephysics.org/wp-content/uploads/2018/03/FINAL_P5_Report_053014.pdf,confident,"Appendix B, Panel Members (p. 57)"
martin-breidenbach,Martin Breidenbach (SLAC National Accelerator Laboratory),person,,P5 2014 panel member,https://www.usparticlephysics.org/wp-content/uploads/2018/03/FINAL_P5_Report_053014.pdf,confident,"Appendix B, Panel Members (p. 57)"
bob-cousins,"Bob Cousins (University of California, Los Angeles)",person,,P5 2014 panel member,https://www.usparticlephysics.org/wp-content/uploads/2018/03/FINAL_P5_Report_053014.pdf,confident,"Appendix B, Panel Members (p. 57)"
andre-de-gouvea,Andre de Gouvea (Northwestern University),person,,P5 2014 panel member,https://www.usparticlephysics.org/wp-content/uploads/2018/03/FINAL_P5_Report_053014.pdf,confident,"Appendix B, Panel Members (p. 57)"
marcel-demarteau,Marcel Demarteau (Argonne National Laboratory),person,,P5 2014 panel member,https://www.usparticlephysics.org/wp-content/uploads/2018/03/FINAL_P5_Report_053014.pdf,confident,"Appendix B, Panel Members (p. 57)"
scott-dodelson,Scott Dodelson (Fermi National Accelerator Laboratory and University of Chicago),person,,P5 2014 panel member,https://www.usparticlephysics.org/wp-content/uploads/2018/03/FINAL_P5_Report_053014.pdf,confident,"Appendix B, Panel Members (p. 57); Dodelson is also an author of the Snowmass CMB neutrino document arXiv:1309.5383, the CMB-S4 champion statement"
jonathan-feng,"Jonathan L. Feng (University of California, Irvine)",person,,P5 2014 panel member,https://www.usparticlephysics.org/wp-content/uploads/2018/03/FINAL_P5_Report_053014.pdf,confident,"Appendix B, Panel Members (p. 57)"
bonnie-fleming,Bonnie Fleming (Yale University),person,,P5 2014 panel member,https://www.usparticlephysics.org/wp-content/uploads/2018/03/FINAL_P5_Report_053014.pdf,confident,"Appendix B, Panel Members (p. 57)"
fabiola-gianotti,Fabiola Gianotti (CERN),person,,P5 2014 panel member,https://www.usparticlephysics.org/wp-content/uploads/2018/03/FINAL_P5_Report_053014.pdf,confident,"Appendix B, Panel Members (p. 57)"
francis-halzen,Francis Halzen (University of Wisconsin-Madison),person,,P5 2014 panel member,https://www.usparticlephysics.org/wp-content/uploads/2018/03/FINAL_P5_Report_053014.pdf,confident,"Appendix B, Panel Members (p. 57)"
joanne-hewett,JoAnne Hewett (SLAC National Accelerator Laboratory),person,,P5 2014 panel member,https://www.usparticlephysics.org/wp-content/uploads/2018/03/FINAL_P5_Report_053014.pdf,confident,"Appendix B, Panel Members (p. 57)"
wim-leemans,Wim Leemans (Lawrence Berkeley National Laboratory),person,,P5 2014 panel member,https://www.usparticlephysics.org/wp-content/uploads/2018/03/FINAL_P5_Report_053014.pdf,confident,"Appendix B, Panel Members (p. 57)"
joe-lykken,Joe Lykken (Fermi National Accelerator Laboratory),person,,P5 2014 panel member,https://www.usparticlephysics.org/wp-content/uploads/2018/03/FINAL_P5_Report_053014.pdf,confident,"Appendix B, Panel Members (p. 57)"
dan-mckinsey,Dan McKinsey (Yale University),person,,P5 2014 panel member,https://www.usparticlephysics.org/wp-content/uploads/2018/03/FINAL_P5_Report_053014.pdf,confident,"Appendix B, Panel Members (p. 57)"
lia-merminga,Lia Merminga (TRIUMF),person,,P5 2014 panel member,https://www.usparticlephysics.org/wp-content/uploads/2018/03/FINAL_P5_Report_053014.pdf,confident,"Appendix B, Panel Members (p. 57); Merminga became Fermilab director in 2022 (news.fnal.gov 2024-06 Kerby article quotes her as director)"
toshinori-mori,Toshinori Mori (University of Tokyo),person,,P5 2014 panel member,https://www.usparticlephysics.org/wp-content/uploads/2018/03/FINAL_P5_Report_053014.pdf,confident,"Appendix B, Panel Members (p. 57)"
tatsuya-nakada,Tatsuya Nakada (EPFL),person,,P5 2014 panel member,https://www.usparticlephysics.org/wp-content/uploads/2018/03/FINAL_P5_Report_053014.pdf,confident,"Appendix B, Panel Members (p. 57)"
steve-peggs,Steve Peggs (Brookhaven National Laboratory),person,,P5 2014 panel member,https://www.usparticlephysics.org/wp-content/uploads/2018/03/FINAL_P5_Report_053014.pdf,confident,"Appendix B, Panel Members (p. 57)"
saul-perlmutter,"Saul Perlmutter (University of California, Berkeley)",person,,P5 2014 panel member,https://www.usparticlephysics.org/wp-content/uploads/2018/03/FINAL_P5_Report_053014.pdf,confident,"Appendix B, Panel Members (p. 57); Perlmutter (LBNL, DESI's lead lab) later sat on the WFIRST-AFTA SDT (arXiv:1503.03757, 2015)"
kevin-pitts,Kevin Pitts (University of Illinois at Urbana-Champaign),person,,P5 2014 panel member,https://www.usparticlephysics.org/wp-content/uploads/2018/03/FINAL_P5_Report_053014.pdf,confident,"Appendix B, Panel Members (p. 57)"
kate-scholberg,Kate Scholberg (Duke University),person,,P5 2014 panel member,https://www.usparticlephysics.org/wp-content/uploads/2018/03/FINAL_P5_Report_053014.pdf,confident,"Appendix B, Panel Members (p. 57); Scholberg is an LBNE author and chapter editor in arXiv:1307.7335"
rick-van-kooten,Rick van Kooten (Indiana University),person,,P5 2014 panel member,https://www.usparticlephysics.org/wp-content/uploads/2018/03/FINAL_P5_Report_053014.pdf,confident,"Appendix B, Panel Members (p. 57)"
mark-wise,Mark Wise (California Institute of Technology),person,,P5 2014 panel member,https://www.usparticlephysics.org/wp-content/uploads/2018/03/FINAL_P5_Report_053014.pdf,confident,"Appendix B, Panel Members (p. 57)"
andy-lankford,"Andy Lankford (University of California, Irvine)",person,,"P5 2014 panel member, ex officio (HEPAP chair)",https://www.usparticlephysics.org/wp-content/uploads/2018/03/FINAL_P5_Report_053014.pdf,confident,"Appendix B lists 'Andy Lankford, ex officio'; HEPAP chair role is from general knowledge, not the appendix"
martha-haynes,Martha P. Haynes (Cornell University),person,,Astro2010 survey committee vice chair,https://nap.nationalacademies.org/read/12951/chapter/1,confident,Front matter of NAP 12951 (read via www.nationalacademies.org redirect)
john-huchra,John P. Huchra (Harvard University),person,,Astro2010 survey committee vice chair,https://nap.nationalacademies.org/read/12951/chapter/1,confident,Front matter of NAP 12951 (read via www.nationalacademies.org redirect)
marcia-rieke,Marcia J. Rieke (University of Arizona),person,,Astro2010 survey committee vice chair,https://nap.nationalacademies.org/read/12951/chapter/1,confident,Front matter of NAP 12951 (read via www.nationalacademies.org redirect)
lynne-hillenbrand,Lynne Hillenbrand (California Institute of Technology),person,,Astro2010 survey committee executive officer,https://nap.nationalacademies.org/read/12951/chapter/1,confident,Front matter of NAP 12951 (read via www.nationalacademies.org redirect)
steven-battel,Steven J. Battel (Battel Engineering),person,,Astro2010 survey committee member,https://nap.nationalacademies.org/read/12951/chapter/1,confident,Front matter of NAP 12951 (read via www.nationalacademies.org redirect)
lars-bildsten,"Lars Bildsten (University of California, Santa Barbara)",person,,Astro2010 survey committee member,https://nap.nationalacademies.org/read/12951/chapter/1,confident,Front matter of NAP 12951 (read via www.nationalacademies.org redirect)
john-carlstrom,John E. Carlstrom (University of Chicago),person,,Astro2010 survey committee member,https://nap.nationalacademies.org/read/12951/chapter/1,confident,"Front matter of NAP 12951 (read via www.nationalacademies.org redirect); Carlstrom is a topical convener of the Snowmass CMB document arXiv:1309.5383 (2013) and CMB-S4 co-spokesperson by 2019 (arXiv:1907.04473), so he sits on both sides of the CMB-S4 bet"
debra-elmegreen,Debra M. Elmegreen (Vassar College),person,,Astro2010 survey committee member,https://nap.nationalacademies.org/read/12951/chapter/1,confident,Front matter of NAP 12951 (read via www.nationalacademies.org redirect)
joshua-frieman,Joshua Frieman (Fermi National Accelerator Laboratory),person,,Astro2010 survey committee member,https://nap.nationalacademies.org/read/12951/chapter/1,confident,"Front matter of NAP 12951 (read via www.nationalacademies.org redirect); Fermilab cosmologist, later DOE HEP associate director (not verified here)"
fiona-harrison,Fiona A. Harrison (California Institute of Technology),person,,Astro2010 survey committee member,https://nap.nationalacademies.org/read/12951/chapter/1,confident,Front matter of NAP 12951 (read via www.nationalacademies.org redirect)
timothy-heckman,Timothy M. Heckman (Johns Hopkins University),person,,Astro2010 survey committee member,https://nap.nationalacademies.org/read/12951/chapter/1,confident,Front matter of NAP 12951 (read via www.nationalacademies.org redirect)
robert-kennicutt,"Robert C. Kennicutt, Jr. (University of Cambridge)",person,,Astro2010 survey committee member,https://nap.nationalacademies.org/read/12951/chapter/1,confident,Front matter of NAP 12951 (read via www.nationalacademies.org redirect)
jonathan-lunine,"Jonathan I. Lunine (University of Arizona and University of Rome, Tor Vergata)",person,,Astro2010 survey committee member,https://nap.nationalacademies.org/read/12951/chapter/1,confident,Front matter of NAP 12951 (read via www.nationalacademies.org redirect)
claire-max,"Claire E. Max (University of California, Santa Cruz)",person,,Astro2010 survey committee member,https://nap.nationalacademies.org/read/12951/chapter/1,confident,Front matter of NAP 12951 (read via www.nationalacademies.org redirect)
dan-mccammon,Dan McCammon (University of Wisconsin),person,,Astro2010 survey committee member,https://nap.nationalacademies.org/read/12951/chapter/1,confident,Front matter of NAP 12951 (read via www.nationalacademies.org redirect)
steve-ritz,"Steve Ritz (University of California, Santa Cruz)",person,,Astro2010 survey committee member,https://nap.nationalacademies.org/read/12951/chapter/1,confident,Front matter of NAP 12951 (read via www.nationalacademies.org redirect); same person as the P5 2014 chair
juri-toomre,Juri Toomre (University of Colorado),person,,Astro2010 survey committee member,https://nap.nationalacademies.org/read/12951/chapter/1,confident,Front matter of NAP 12951 (read via www.nationalacademies.org redirect)
scott-tremaine,Scott D. Tremaine (Institute for Advanced Study),person,,Astro2010 survey committee member,https://nap.nationalacademies.org/read/12951/chapter/1,confident,Front matter of NAP 12951 (read via www.nationalacademies.org redirect)
michael-turner,Michael S. Turner (University of Chicago),person,,Astro2010 survey committee member,https://nap.nationalacademies.org/read/12951/chapter/1,confident,Front matter of NAP 12951 (read via www.nationalacademies.org redirect)
neil-degrasse-tyson,"Neil deGrasse Tyson (Hayden Planetarium, American Museum of Natural History)",person,,Astro2010 survey committee member,https://nap.nationalacademies.org/read/12951/chapter/1,confident,Front matter of NAP 12951 (read via www.nationalacademies.org redirect)
paul-vanden-bout,Paul A. Vanden Bout (National Radio Astronomy Observatory),person,,Astro2010 survey committee member,https://nap.nationalacademies.org/read/12951/chapter/1,confident,Front matter of NAP 12951 (read via www.nationalacademies.org redirect)
thomas-young,"A. Thomas Young (Lockheed Martin Corporation, retired)",person,,Astro2010 survey committee member,https://nap.nationalacademies.org/read/12951/chapter/1,confident,Front matter of NAP 12951 (read via www.nationalacademies.org redirect)
michael-levi,Michael Levi (Lawrence Berkeley National Laboratory),person,p5-2014-desi,"lead author, 'The DESI Experiment, a whitepaper for Snowmass 2013' (the DESI case P5 2014 read)",https://arxiv.org/abs/1308.0847,confident,"arXiv:1308.0847, submitted 2013-08-04, author list begins 'Michael Levi, Chris Bebek, Timothy Beers, Robert Blum, Robert Cahn, Daniel Eisenstein, ... David Schlegel, and the DESI collaboration'"
michael-levi,Michael Levi (Lawrence Berkeley National Laboratory),person,p5-2014-desi,"later project leader: DESI Director / project director, LBNL (2018, 2021)",https://news.fnal.gov/2018/02/installation-next-generation-dark-energy-experiment/,confident,"Fermilab news 2018-02-12 quotes 'Michael Levi, DESI Director, Lawrence Berkeley National Laboratory'; 2021-05-17 article calls him project director. Search snippets say he led DESI since the project's formation in 2012, which would cover 2014, but no allowed-host page states that"
david-schlegel,David Schlegel (Lawrence Berkeley National Laboratory),person,p5-2014-desi,"co-author, DESI Snowmass 2013 white paper; later DESI Project Scientist, Berkeley Lab (2018, 2021)",https://news.fnal.gov/2018/02/installation-next-generation-dark-energy-experiment/,confident,"Named in the arXiv:1308.0847 author list (2013); Fermilab news 2018-02-12 and 2021-05-17 quote 'David Schlegel, DESI Project Scientist, Berkeley Lab'; 2014 title not verified on an allowed host"
daniel-eisenstein,Daniel Eisenstein (Harvard University),person,p5-2014-desi,"co-author, DESI Snowmass 2013 white paper; later DESI Collaboration co-spokesperson (2018)",https://news.fnal.gov/2018/02/installation-next-generation-dark-energy-experiment/,confident,"Named in the arXiv:1308.0847 author list (2013); Fermilab news 2018-02-12 quotes 'Daniel Eisenstein, DESI Collaboration Co-spokesperson, Harvard University'. Search snippets (cfa.harvard.edu) say co-spokesperson 2014-2020, host unreachable, so the 2014 start is a guess"
nigel-lockyer,Nigel Lockyer (Fermilab),person,p5-2014-lbnf,"Fermilab director (host laboratory) from 2013-09-03, through LBNF/DUNE formation and groundbreaking",https://news.fnal.gov/2013/06/nigel-lockyer-canadas-triumf-lab-named-fermilab-director/,confident,"Fermilab news 2013-06-20: selected as next Fermilab director, term begins September 3; quoted as Fermilab Director at the 2019-11-14 LBNF groundbreaking (news.fnal.gov/2019/11)"
milind-diwan,Milind Diwan (Brookhaven National Laboratory),person,p5-2014-lbnf,LBNE co-spokesperson at the time of P5 2014 (elected January 2010),https://www.bnl.gov/newsroom/news.php?a=21561,guess,"Role rests on search snippets only (BNL newsroom 'Long Baseline Neutrino Experiment Selects First Spokespeople', symmetry 2010-01-06), hosts unreachable. The LBNE science document arXiv:1307.7335 (2013, v3 2014-04-22) lists him under 'General Guidance' and as author, without the title"
robert-wilson,Robert J. (Bob) Wilson (Colorado State University),person,p5-2014-lbnf,LBNE co-spokesperson at the time of P5 2014,https://www.physics.colostate.edu/?p=2342,guess,"Role rests on a search snippet only (Colorado State physics page: selected to co-lead LBNE with Diwan), host unreachable. arXiv:1307.7335 names 'Bob Wilson (Editor of the 2010 Interim Physics Report)' and lists him under 'General Guidance'"
jim-strait,Jim Strait (Fermilab),person,p5-2014-lbnf,LBNE project director at the time of P5 2014,https://newscenter.lbl.gov/2022/06/02/james-strait-named-project-director-of-next-generation-cosmic-microwave-background-project/,guess,"LBNE project director title rests on a search snippet (LBL news 2022, host unreachable). arXiv:1307.7335 lists J. Strait (Fermilab) under 'General Guidance' and as co-author of chapters 1, 3 and 9"
elaine-mccluskey,Elaine McCluskey (Fermilab),person,p5-2014-lbnf,LBNE project contributor (2013); later LBNF Project Manager (2019),https://news.fnal.gov/2019/11/fermilab-international-partners-break-ground-on-new-beamline-for-the-worlds-most-advanced-neutrino-experiment/,confident,Fermilab news 2019-11-14 names her LBNF Project Manager leading the beamline effort (brief said project director; the article says project manager). arXiv:1307.7335 lists her as a chapter 3 contributor in 2013
sergio-bertolucci,"Sergio Bertolucci (CERN, later University of Bologna / INFN)",person,p5-2014-lbnf,later project leader: interim chair of the DUNE institutional board (January 2015) while CERN director of research; DUNE co-spokesperson from 2022,https://news.fnal.gov/2023/03/mary-bishai-joins-sergio-bertolucci-as-co-spokesperson-of-dune/,confident,"Fermilab news 2023-03-20: 'In January 2015, as interim chair of the institutional board of the new experiment, Bertolucci presented the concept of what became DUNE'; the brief's 'co-chair of the interim international executive board' wording was not found"
mark-thomson,Mark Thomson (University of Cambridge),person,p5-2014-lbnf,"later project leader: DUNE co-spokesperson (in role by February 2016, succeeded March 2018)",https://news.fnal.gov/2016/02/test-of-dune-tech-begins/,confident,"Fermilab news 2016-02-16 quotes 'Mark Thomson, DUNE collaboration co-spokesperson, University of Cambridge'; 2018-03-13 article: Soldner-Rembold takes over from Thomson. 2015 election date not found on an allowed host; DUNE formed April 2015"
andre-rubbia,Andre Rubbia (ETH Zurich),person,p5-2014-lbnf,later project leader: DUNE co-spokesperson (succeeded March 2017),https://news.fnal.gov/2017/03/dune-collaboration-elects-university-chicagos-edward-blucher-new-co-spokesperson/,confident,Fermilab news 2017-03-13: 'Blucher will take over the position from Andre Rubbia of ETH Zurich and will join Mark Thomson of the University of Cambridge as co-spokesperson'; 2015 start not found on an allowed host
jim-kerby,Jim Kerby (Fermilab),person,p5-2014-lbnf,later project leader: LBNF/DUNE-US project director (from June 2024),https://news.fnal.gov/2024/06/fermilab-names-jim-kerby-as-lbnf-dune-u-s-project-director/,confident,Fermilab news 2024-06-04 names Kerby project director for LBNF/DUNE-US
john-carlstrom,John E. Carlstrom (University of Chicago / Argonne),person,p5-2014-cmb-s4,"topical convener, Snowmass 2013 'Neutrino Physics from the CMB and Large Scale Structure' (the CMB-S4 champion statement P5 2014 read)",https://arxiv.org/abs/1309.5383,confident,"arXiv:1309.5383 header: 'Topical Conveners: K.N. Abazajian, J.E. Carlstrom, A.T. Lee'; Carlstrom was also a member of the Astro2010 survey committee"
john-carlstrom,John E. Carlstrom (University of Chicago / Argonne),person,p5-2014-cmb-s4,later project leader: CMB-S4 co-spokesperson (2019),https://arxiv.org/abs/1907.04473,confident,"arXiv:1907.04473 (CMB-S4 Science Case, Reference Design, and Project Plan) org chart: 'Spokespeople: Julian Borrill (LBNL/UC Berkeley) & John Carlstrom (U Chicago/ANL)'; search snippets put the election in 2018 (LBL news, host unreachable)"
kevork-abazajian,"Kevork N. Abazajian (University of California, Irvine)",person,p5-2014-cmb-s4,"topical convener and corresponding author, Snowmass 2013 CMB neutrino document; first author of the CMB-S4 Science Book (2016)",https://arxiv.org/abs/1309.5383,confident,arXiv:1309.5383 lists Abazajian as topical convener and corresponding author; arXiv:1610.02743 author list begins with him
adrian-lee,"Adrian T. Lee (University of California, Berkeley / LBNL)",person,p5-2014-cmb-s4,"topical convener, Snowmass 2013 CMB neutrino document",https://arxiv.org/abs/1309.5383,confident,arXiv:1309.5383 header names A.T. Lee as topical convener
julian-borrill,Julian Borrill (LBNL / UC Berkeley),person,p5-2014-cmb-s4,"co-author, Snowmass 2013 CMB neutrino document; later CMB-S4 co-spokesperson (2019)",https://arxiv.org/abs/1907.04473,confident,J. Borrill in the arXiv:1309.5383 author list (2013); arXiv:1907.04473 org chart names him co-spokesperson and data management lead
jim-yeck,Jim Yeck,person,p5-2014-cmb-s4,later project leader: CMB-S4 interim project director (2019),https://arxiv.org/abs/1907.04473,confident,arXiv:1907.04473 org chart: 'Interim Project Director: Jim Yeck'
jim-strait,Jim Strait (Lawrence Berkeley National Laboratory),person,p5-2014-cmb-s4,later project leader: CMB-S4 project director (in role May 2024; start July 2022 per search snippet),https://www.aip.org/fyi/nsf-delays-cosmic-microwave-background-experiment,confident,"AIP FYI 2024-05-15 quotes 'Jim Strait, CMB-S4 Project Director, Lawrence Berkeley National Laboratory'; the brief's 2020 start date is wrong per the LBL snippet (effective 2022-07-11, host unreachable)"
kevin-huffenberger,Kevin Huffenberger (Florida State University),person,p5-2014-cmb-s4,later project leader: CMB-S4 co-spokesperson (2024),https://www.aip.org/fyi/nsf-delays-cosmic-microwave-background-experiment,confident,"AIP FYI 2024-05-15 quotes 'Kevin Huffenberger, CMB-S4 Co-Spokesperson, Florida State University'"
neil-gehrels,Neil Gehrels (NASA Goddard Space Flight Center),person,astro2010-wfirst,sole author of the JDEM-Omega response to the Astro2010 EOS panel RFI (the design WFIRST was based on); JDEM project scientist,https://arxiv.org/abs/1008.4936,confident,"arXiv:1008.4936 'The Joint Dark Energy Mission (JDEM) Omega', author Neil Gehrels, comments: 'A response to the Astro2010 Request for Information by the Electromagnetic Observations from Space (EOS) panel'. The 'JDEM Project Scientist' title appears only in a search snippet (NSF AAAC slides, host unreachable)"
neil-gehrels,Neil Gehrels (NASA Goddard Space Flight Center),person,astro2010-wfirst,later project leader: WFIRST-AFTA Science Definition Team co-chair (2015),https://arxiv.org/abs/1503.03757,confident,"arXiv:1503.03757 front matter signed 'Neil Gehrels, SDT Co-Chair' with David Spergel; WFIRST project scientist title appears only in search snippets"
david-spergel,David Spergel (Princeton University),person,astro2010-wfirst,later project leader: WFIRST-AFTA Science Definition Team co-chair (2015),https://arxiv.org/abs/1503.03757,confident,"arXiv:1503.03757 front matter signed 'David Spergel, SDT-Co-Chair'"
david-bennett,"David P. Bennett (University of Notre Dame, later NASA GSFC)",person,astro2010-wfirst,lead author of the Microlensing Planet Finder (MPF) white paper to the Astro2010 PSF panel (the exoplanet half of WFIRST),https://arxiv.org/abs/0902.3000,confident,"arXiv:0902.3000, submitted 2009-02-17, 'White Paper to the Astro2010 PSF Science Frontier Panel', first author David P. Bennett; also on the 2015 WFIRST-AFTA SDT (arXiv:1503.03757)"
daniel-stern,Daniel Stern (Jet Propulsion Laboratory),person,astro2010-wfirst,lead author of the Near-Infrared Sky Surveyor (NIRSS) response to the Astro2010 EOS panel RFI (third concept merged into WFIRST),https://arxiv.org/abs/1008.3563,confident,"arXiv:1008.3563, authors Stern, Bartlett, Brodwin, Cooray, Cutri, Dey, Eisenhardt, Gonzalez, Kalirai, Mainzer, Moustakas, Rhodes, Stanford, Wright; comments: 'A Response to the Astro2010 Request for Information by the Electromagnetic Observations from Space (EOS) Panel'. The brief's guess that NIRSS was a Perlmutter/JDEM team is wrong"
saul-perlmutter,"Saul Perlmutter (University of California, Berkeley / LBNL)",person,astro2010-wfirst,later: WFIRST-AFTA Science Definition Team member (2015),https://arxiv.org/abs/1503.03757,confident,arXiv:1503.03757 SDT list 'S. Perlmutter14' (UC Berkeley/LBNL); also a P5 2014 panel member
dominic-benford,Dominic J. Benford (NASA Headquarters),person,astro2010-wfirst,"later: WFIRST program scientist, NASA HQ (ex officio on the 2015 SDT)",https://arxiv.org/abs/1503.03757,guess,"arXiv:1503.03757 lists 'D. Benford18' ex officio with affiliation 18 NASA Headquarters, and arXiv:1902.05569 lists him at NASA Headquarters, but neither states the title; 'Program Scientist for Roman' appears only in search snippets (science.nasa.gov, host blocked)"
julie-mcenery,Julie McEnery (NASA Goddard Space Flight Center),person,astro2010-wfirst,later project leader: Roman senior project scientist (after Gehrels),https://arxiv.org/abs/1902.05569,guess,"arXiv:1902.05569 lists McEnery (NASA GSFC) among 'members of the WFIRST Project and Formulation Science Investigation Teams' (2019) but gives no title; the project scientist title appears only in search snippets (wikipedia, podcast), hosts unreachable"
tony-tyson,"J. Anthony (Tony) Tyson (University of California, Davis)",person,astro2010-lsst,LSST Director (2009-2010),https://arxiv.org/abs/0912.0201,confident,"LSST Science Book v2.0 (arXiv:0912.0201, November 2009) front matter: 'J. Anthony Tyson, Director'; third author of the reference design paper arXiv:0805.2366 (2008); snippets say founding director 2003-2013, then chief scientist"
michael-strauss,Michael A. Strauss (Princeton University),person,astro2010-lsst,Chair of LSST Science Collaborations (2009),https://arxiv.org/abs/0912.0201,confident,"LSST Science Book v2.0 front matter: 'Michael A. Strauss, Chair of Science Collaborations'; co-author of the Science Book introduction with Tyson and Ivezic"
donald-sweeney,Donald W. Sweeney (LSST Corporation),person,astro2010-lsst,LSST Project Manager (2009),https://arxiv.org/abs/0912.0201,confident,"LSST Science Book v2.0 front matter: 'Donald W. Sweeney, Project Manager'"
zeljko-ivezic,Zeljko Ivezic (University of Washington),person,astro2010-lsst,lead author of the LSST reference design paper (2008) and co-author of the Science Book introduction (2009),https://arxiv.org/abs/0805.2366,confident,"arXiv:0805.2366 'LSST: from Science Drivers to Reference Design and Anticipated Data Products', first author Ivezic; Science Book chapter 1 by Tyson, Strauss, Ivezic"
zeljko-ivezic,Zeljko Ivezic (University of Washington),person,astro2010-lsst,LSST Project Scientist (2010),https://www.lsst.org/about/team/lsst-project-scientist,guess,"Title appears only in search snippets (lsst.org team page, NOIRLab slides), hosts unreachable; no allowed-host page names the role"
steven-kahn,Steven M. Kahn (SLAC / Stanford),person,astro2010-lsst,second author of the LSST reference design paper (2008); LSST deputy director at ranking per snippets,https://arxiv.org/abs/0805.2366,confident,"arXiv:0805.2366 author list: Ivezic, Kahn, Tyson; the 2010 deputy director title is from a search snippet only (lsst.org 2014 overview), host unreachable"
steven-kahn,Steven M. Kahn (SLAC / Stanford),person,astro2010-lsst,later project leader: LSST Director from 2013-07-01,https://www.lsst.org/sites/default/files/enews/kahn-201304.html,guess,"Search snippets only (lsst.org e-news April 2013, SLAC news 2013-03-13: director effective July 1, 2013, succeeding Sidney Wolff), hosts unreachable"
sidney-wolff,Sidney C. Wolff (LSST Corporation),person,astro2010-lsst,President of the LSST Corporation (2010),https://www.lsst.org/sites/default/files/enews/kt-lim-1004.html,guess,"Search snippets only (lsst.org e-news April 2010; NOAO 2010 release), hosts unreachable; she is in the arXiv:0805.2366 and arXiv:0912.0201 author lists and co-edited the 2002 SPIE LSST volume with Tyson"
agency-doe,"U.S. Department of Energy, Office of Science (HEP)",agency,p5-2014-desi,funder,https://www.usparticlephysics.org/wp-content/uploads/2018/03/FINAL_P5_Report_053014.pdf,confident,P5 report p. 13: DESI is a DOE project with 'an interagency opportunity for the use of the Mayall 4-meter facility'; bets.csv agency DOE+NSF
agency-nsf,National Science Foundation,agency,p5-2014-desi,funder (NSF-operated Mayall telescope at Kitt Peak),https://www.usparticlephysics.org/wp-content/uploads/2018/03/FINAL_P5_Report_053014.pdf,confident,P5 report p. 13 names the Mayall interagency opportunity; bets.csv agency DOE+NSF
agency-doe,"U.S. Department of Energy, Office of Science (HEP)",agency,p5-2014-lbnf,"funder (host, Fermilab)",https://www.energy.gov/documents/fy-2025-high-energy-physics-budget-request,confident,bets.csv agency DOE from the FY2025 HEP budget request; international partners contribute to DUNE
agency-doe,"U.S. Department of Energy, Office of Science (HEP)",agency,p5-2014-cmb-s4,funder,https://www.usparticlephysics.org/wp-content/uploads/2018/03/FINAL_P5_Report_053014.pdf,confident,P5 report Recommendation 18: 'continued multiagency support'; bets.csv agency DOE+NSF
agency-nsf,National Science Foundation,agency,p5-2014-cmb-s4,funder,https://www.usparticlephysics.org/wp-content/uploads/2018/03/FINAL_P5_Report_053014.pdf,confident,P5 report Recommendation 18: 'continued multiagency support'; bets.csv agency DOE+NSF
agency-nsf,National Science Foundation,agency,p5-2014-cmb-s4,"ruled out the South Pole site, 2024-05",https://www.aip.org/fyi/nsf-delays-cosmic-microwave-background-experiment,confident,AIP FYI 2024-05-15: NSF announced on May 7 that CMB-S4 will not advance to design 'in its current form' because of aging South Pole infrastructure
agency-doe,"U.S. Department of Energy, Office of Science (HEP)",agency,p5-2014-cmb-s4,withdrew support 2025-07,https://www.aip.org/fyi/the-week-of-july-14-2025,confident,AIP FYI week of 2025-07-14: 'DOE and NSF announced they will no longer pursue the proposed ... CMB-S4 project'
agency-nsf,National Science Foundation,agency,p5-2014-cmb-s4,withdrew support 2025-07,https://www.aip.org/fyi/the-week-of-july-14-2025,confident,AIP FYI week of 2025-07-14: 'DOE and NSF announced they will no longer pursue the proposed ... CMB-S4 project'
agency-nasa,National Aeronautics and Space Administration,agency,astro2010-wfirst,funder (lead),https://nap.nationalacademies.org/read/12951,confident,"New Worlds, New Horizons Table ES.5 lists WFIRST as a NASA/DOE collaboration with NASA leading; bets.csv agency DOE+NASA"
agency-doe,"U.S. Department of Energy, Office of Science (HEP)",agency,astro2010-wfirst,"funder (JDEM-Omega design heritage, minor partner)",https://nap.nationalacademies.org/read/12951,confident,"New Worlds, New Horizons Table ES.5: NASA/DOE collaboration; bets.csv agency DOE+NASA"
agency-nsf,National Science Foundation,agency,astro2010-lsst,"funder (MREFC, about two-thirds of the federal share)",https://nap.nationalacademies.org/read/12951,confident,"New Worlds, New Horizons Table ES.3; bets.csv agency DOE+NSF"
agency-doe,"U.S. Department of Energy, Office of Science (HEP)",agency,astro2010-lsst,"funder (camera, MIE, about one-quarter of the federal share)",https://nap.nationalacademies.org/read/12951,confident,"New Worlds, New Horizons Table ES.3; bets.csv agency DOE+NSF"
committee-p5-2014,P5 2014 (HEPAP Particle Physics Project Prioritization Panel),committee,p5-2014-mu2e,ranking committee,https://www.usparticlephysics.org/wp-content/uploads/2018/03/FINAL_P5_Report_053014.pdf,confident,"Report of the Particle Physics Project Prioritization Panel, May 2014; panel listed in Appendix B (p. 57 of the PDF, local source lines 3310-3365)"
steve-ritz,"Steve Ritz (University of California, Santa Cruz)",person,p5-2014-mu2e,P5 2014 chair,https://www.usparticlephysics.org/wp-content/uploads/2018/03/FINAL_P5_Report_053014.pdf,confident,"Appendix B, Panel Members: 'Steve Ritz, chair, University of California, Santa Cruz'"
committee-p5-2014,P5 2014 (HEPAP Particle Physics Project Prioritization Panel),committee,p5-2014-muon-g-2,ranking committee,https://www.usparticlephysics.org/wp-content/uploads/2018/03/FINAL_P5_Report_053014.pdf,confident,"Report of the Particle Physics Project Prioritization Panel, May 2014; panel listed in Appendix B (p. 57 of the PDF, local source lines 3310-3365)"
steve-ritz,"Steve Ritz (University of California, Santa Cruz)",person,p5-2014-muon-g-2,P5 2014 chair,https://www.usparticlephysics.org/wp-content/uploads/2018/03/FINAL_P5_Report_053014.pdf,confident,"Appendix B, Panel Members: 'Steve Ritz, chair, University of California, Santa Cruz'"
committee-p5-2014,P5 2014 (HEPAP Particle Physics Project Prioritization Panel),committee,p5-2014-hl-lhc,ranking committee,https://www.usparticlephysics.org/wp-content/uploads/2018/03/FINAL_P5_Report_053014.pdf,confident,"Report of the Particle Physics Project Prioritization Panel, May 2014; panel listed in Appendix B (p. 57 of the PDF, local source lines 3310-3365)"
steve-ritz,"Steve Ritz (University of California, Santa Cruz)",person,p5-2014-hl-lhc,P5 2014 chair,https://www.usparticlephysics.org/wp-content/uploads/2018/03/FINAL_P5_Report_053014.pdf,confident,"Appendix B, Panel Members: 'Steve Ritz, chair, University of California, Santa Cruz'"
committee-p5-2014,P5 2014 (HEPAP Particle Physics Project Prioritization Panel),committee,p5-2014-lhc-phase-1,ranking committee,https://www.usparticlephysics.org/wp-content/uploads/2018/03/FINAL_P5_Report_053014.pdf,confident,"Report of the Particle Physics Project Prioritization Panel, May 2014; panel listed in Appendix B (p. 57 of the PDF, local source lines 3310-3365)"
steve-ritz,"Steve Ritz (University of California, Santa Cruz)",person,p5-2014-lhc-phase-1,P5 2014 chair,https://www.usparticlephysics.org/wp-content/uploads/2018/03/FINAL_P5_Report_053014.pdf,confident,"Appendix B, Panel Members: 'Steve Ritz, chair, University of California, Santa Cruz'"
committee-p5-2014,P5 2014 (HEPAP Particle Physics Project Prioritization Panel),committee,p5-2014-pip-ii,ranking committee,https://www.usparticlephysics.org/wp-content/uploads/2018/03/FINAL_P5_Report_053014.pdf,confident,"Report of the Particle Physics Project Prioritization Panel, May 2014; panel listed in Appendix B (p. 57 of the PDF, local source lines 3310-3365)"
steve-ritz,"Steve Ritz (University of California, Santa Cruz)",person,p5-2014-pip-ii,P5 2014 chair,https://www.usparticlephysics.org/wp-content/uploads/2018/03/FINAL_P5_Report_053014.pdf,confident,"Appendix B, Panel Members: 'Steve Ritz, chair, University of California, Santa Cruz'"
committee-p5-2014,P5 2014 (HEPAP Particle Physics Project Prioritization Panel),committee,p5-2014-lsst,ranking committee,https://www.usparticlephysics.org/wp-content/uploads/2018/03/FINAL_P5_Report_053014.pdf,confident,"Report of the Particle Physics Project Prioritization Panel, May 2014; panel listed in Appendix B (p. 57 of the PDF, local source lines 3310-3365)"
steve-ritz,"Steve Ritz (University of California, Santa Cruz)",person,p5-2014-lsst,P5 2014 chair,https://www.usparticlephysics.org/wp-content/uploads/2018/03/FINAL_P5_Report_053014.pdf,confident,"Appendix B, Panel Members: 'Steve Ritz, chair, University of California, Santa Cruz'"
committee-p5-2014,P5 2014 (HEPAP Particle Physics Project Prioritization Panel),committee,p5-2014-dm-g2,ranking committee,https://www.usparticlephysics.org/wp-content/uploads/2018/03/FINAL_P5_Report_053014.pdf,confident,"Report of the Particle Physics Project Prioritization Panel, May 2014; panel listed in Appendix B (p. 57 of the PDF, local source lines 3310-3365)"
steve-ritz,"Steve Ritz (University of California, Santa Cruz)",person,p5-2014-dm-g2,P5 2014 chair,https://www.usparticlephysics.org/wp-content/uploads/2018/03/FINAL_P5_Report_053014.pdf,confident,"Appendix B, Panel Members: 'Steve Ritz, chair, University of California, Santa Cruz'"
committee-p5-2014,P5 2014 (HEPAP Particle Physics Project Prioritization Panel),committee,p5-2014-pingu,ranking committee,https://www.usparticlephysics.org/wp-content/uploads/2018/03/FINAL_P5_Report_053014.pdf,confident,"Report of the Particle Physics Project Prioritization Panel, May 2014; panel listed in Appendix B (p. 57 of the PDF, local source lines 3310-3365)"
steve-ritz,"Steve Ritz (University of California, Santa Cruz)",person,p5-2014-pingu,P5 2014 chair,https://www.usparticlephysics.org/wp-content/uploads/2018/03/FINAL_P5_Report_053014.pdf,confident,"Appendix B, Panel Members: 'Steve Ritz, chair, University of California, Santa Cruz'"
committee-p5-2014,P5 2014 (HEPAP Particle Physics Project Prioritization Panel),committee,p5-2014-mice,ranking committee,https://www.usparticlephysics.org/wp-content/uploads/2018/03/FINAL_P5_Report_053014.pdf,confident,"Report of the Particle Physics Project Prioritization Panel, May 2014; panel listed in Appendix B (p. 57 of the PDF, local source lines 3310-3365)"
steve-ritz,"Steve Ritz (University of California, Santa Cruz)",person,p5-2014-mice,P5 2014 chair,https://www.usparticlephysics.org/wp-content/uploads/2018/03/FINAL_P5_Report_053014.pdf,confident,"Appendix B, Panel Members: 'Steve Ritz, chair, University of California, Santa Cruz'"
committee-p5-2014,P5 2014 (HEPAP Particle Physics Project Prioritization Panel),committee,p5-2014-chips,ranking committee,https://www.usparticlephysics.org/wp-content/uploads/2018/03/FINAL_P5_Report_053014.pdf,confident,"Report of the Particle Physics Project Prioritization Panel, May 2014; panel listed in Appendix B (p. 57 of the PDF, local source lines 3310-3365)"
steve-ritz,"Steve Ritz (University of California, Santa Cruz)",person,p5-2014-chips,P5 2014 chair,https://www.usparticlephysics.org/wp-content/uploads/2018/03/FINAL_P5_Report_053014.pdf,confident,"Appendix B, Panel Members: 'Steve Ritz, chair, University of California, Santa Cruz'"
committee-p5-2014,P5 2014 (HEPAP Particle Physics Project Prioritization Panel),committee,p5-2014-lar1,ranking committee,https://www.usparticlephysics.org/wp-content/uploads/2018/03/FINAL_P5_Report_053014.pdf,confident,"Report of the Particle Physics Project Prioritization Panel, May 2014; panel listed in Appendix B (p. 57 of the PDF, local source lines 3310-3365)"
steve-ritz,"Steve Ritz (University of California, Santa Cruz)",person,p5-2014-lar1,P5 2014 chair,https://www.usparticlephysics.org/wp-content/uploads/2018/03/FINAL_P5_Report_053014.pdf,confident,"Appendix B, Panel Members: 'Steve Ritz, chair, University of California, Santa Cruz'"
committee-p5-2014,P5 2014 (HEPAP Particle Physics Project Prioritization Panel),committee,p5-2014-sbn,ranking committee,https://www.usparticlephysics.org/wp-content/uploads/2018/03/FINAL_P5_Report_053014.pdf,confident,"Report of the Particle Physics Project Prioritization Panel, May 2014; panel listed in Appendix B (p. 57 of the PDF, local source lines 3310-3365)"
steve-ritz,"Steve Ritz (University of California, Santa Cruz)",person,p5-2014-sbn,P5 2014 chair,https://www.usparticlephysics.org/wp-content/uploads/2018/03/FINAL_P5_Report_053014.pdf,confident,"Appendix B, Panel Members: 'Steve Ritz, chair, University of California, Santa Cruz'"
agency-doe,"U.S. Department of Energy, Office of Science (HEP)",agency,p5-2014-mu2e,"funder (host, Fermilab)",https://www.energy.gov/documents/fy-2025-high-energy-physics-budget-request,confident,"bets.csv agency DOE; DOE HEP line-item construction project at Fermilab, no NSF project funding (p5-2014-agency.csv)"
agency-doe,"U.S. Department of Energy, Office of Science (HEP)",agency,p5-2014-mu2e,"rebaselined the project (new TPC and schedule), 2022-12",https://www.energy.gov/documents/fy-2025-high-energy-physics-budget-request,confident,"p5-2014-agency.csv reads the FY2025 HEP request as recording a December 2022 rebaseline with final funding in FY2023; the agency, not the collaboration, owns the cost and schedule reset"
kevin-knoepfel,Kevin Knoepfel (Fermilab),person,p5-2014-mu2e,"lead author, 'Feasibility Study for a Next-Generation Mu2e Experiment' (Snowmass 2013 white paper)",https://arxiv.org/abs/1307.1168,confident,"arXiv:1307.1168, submitted 2013-07-03 (v2 2013-09-30), 'submitted as a White Paper for the APS Division of Particles and Fields Community Summer Study'; author list begins K. Knoepfel, V. Pronskikh, R. Bernstein, ... D. Glenzinski ... J. Miller, S. Miscetti ... R.E. Ray"
jim-miller,James P. Miller (Boston University),person,p5-2014-mu2e,Mu2e co-spokesperson at the time of ranking (co-spokesperson from 2007),https://news.fnal.gov/2020/10/robert-bernstein-still-relishes-challenge-in-second-stint-as-mu2e-co-spokesperson/,confident,"Fermilab news 2020-10-12: Miller co-spokesperson since 2007, when Mu2e received formal approval; also a Snowmass white paper (arXiv:1307.1168) and TDR (arXiv:1501.05241) author"
robert-bernstein,Robert (Bob) Bernstein (Fermilab),person,p5-2014-mu2e,Mu2e co-spokesperson 2007 to 2014 (through the P5 ranking); co-spokesperson again from March 2020,https://news.fnal.gov/2020/10/robert-bernstein-still-relishes-challenge-in-second-stint-as-mu2e-co-spokesperson/,confident,"Fermilab news 2020-10-12: Bernstein co-spokesperson with Miller from 2007 until 2014, when Glenzinski succeeded him; returned March 2020 after Glenzinski became chief project officer. Third author of arXiv:1307.1168"
doug-glenzinski,Doug Glenzinski (Fermilab),person,p5-2014-mu2e,later project leader: Mu2e co-spokesperson 2014 to March 2020,https://news.fnal.gov/2020/10/robert-bernstein-still-relishes-challenge-in-second-stint-as-mu2e-co-spokesperson/,confident,"Fermilab news 2020-10-12: succeeded Bernstein in 2014, left in March 2020 to become Fermilab chief project officer; whether the 2014 handover was before or after the May 2014 P5 report is not stated. Co-author of arXiv:1307.1168"
ron-ray,Ron Ray (Fermilab),person,p5-2014-mu2e,Mu2e project manager (in role 2020; also named presenting Mu2e at a December 2014 project-management review),https://news.fnal.gov/2020/11/one-step-closer-mu2e-reaches-milestone-in-construction-of-novel-experiment/,confident,"Fermilab news 2020-11-11 quotes 'Ron Ray, Mu2e Project Manager'; the 2014-12 Fermilab item 'Strong project management finish to the year' naming him on Mu2e was seen only as a search snippet. R.E. Ray is an author of arXiv:1307.1168"
stefano-miscetti,Stefano Miscetti (INFN Frascati),person,p5-2014-mu2e,later project leader: Mu2e co-spokesperson (elected May 2023),https://news.fnal.gov/2023/05/stefano-miscetti-elected-as-mu2e-co-spokesperson/,confident,Fermilab news 2023-05-19: elected co-spokesperson alongside Robert Bernstein; co-author of arXiv:1307.1168
agency-doe,"U.S. Department of Energy, Office of Science (HEP)",agency,p5-2014-muon-g-2,"funder (MIE, host Fermilab)",https://www.energy.gov/sites/prod/files/2017/05/f34/FY2018BudgetVolume4_1.pdf,confident,bets.csv agency DOE+NSF; DOE MIE with CD-2/3 in August 2015 and TPC $46.4M per the FY2018 DOE budget (p5-2014-agency.csv)
agency-nsf,National Science Foundation,agency,p5-2014-muon-g-2,"funder (2013 MRI award for calorimeter, electronics and DAQ)",https://arxiv.org/pdf/1501.06858,confident,"bets.csv agency DOE+NSF; the TDR credits a 2013 NSF MRI for the calorimeter detectors, electronics and DAQ (p5-2014-agency.csv)"
lee-roberts,B. Lee Roberts (Boston University),person,p5-2014-muon-g-2,Muon g-2 collaboration co-spokesperson at the time of ranking (2013),https://news.fnal.gov/2013/05/revolutionary-muon-experiment-begin-3200-mile-move-50-foot-wide-particle-storage-ring/,confident,"Fermilab news 2013-05-08 contact list: 'B. Lee Roberts, Muon g-2 collaboration co-spokesperson, Boston University'; TDR arXiv:1501.06858 author"
david-hertzog,David Hertzog (University of Washington),person,p5-2014-muon-g-2,"Muon g-2 collaboration co-spokesperson at the time of ranking (2013), succeeded May 2018",https://news.fnal.gov/2013/05/revolutionary-muon-experiment-begin-3200-mile-move-50-foot-wide-particle-storage-ring/,confident,"Fermilab news 2013-05-08: 'David Hertzog, Muon g-2 collaboration co-spokesperson, University of Washington'; 2018-05-09 article: Lancaster succeeds former co-spokesperson Hertzog"
chris-polly,Chris Polly (Fermilab),person,p5-2014-muon-g-2,Muon g-2 project manager at the time of ranking (2013); later co-spokesperson (in role 2018),https://news.fnal.gov/2013/05/revolutionary-muon-experiment-begin-3200-mile-move-50-foot-wide-particle-storage-ring/,confident,"Fermilab news 2013-05-08: 'Chris Polly, Muon g-2 project manager, Fermilab'; 2018-05-09 article names him current co-spokesperson"
mark-lancaster,"Mark Lancaster (University College London, later Manchester)",person,p5-2014-muon-g-2,later project leader: Muon g-2 co-spokesperson (elected May 2018),https://news.fnal.gov/2018/05/mark-lancaster-elected-as-new-muon-g-2-co-spokesperson/,confident,"Fermilab news 2018-05-09: succeeds Hertzog, co-leads with Polly; led the UK's entry into the experiment five years earlier"
agency-doe,"U.S. Department of Energy, Office of Science (HEP)",agency,p5-2014-hl-lhc,funder (US accelerator and detector upgrade projects),https://www.energy.gov/documents/fy-2025-high-energy-physics-budget-request,confident,bets.csv agency DOE+NSF; DOE HL-LHC AUP plus ATLAS and CMS detector upgrade projects (p5-2014-agency.csv)
agency-doe,"U.S. Department of Energy, Office of Science (HEP)",agency,p5-2014-hl-lhc,"approved CD-3 (full production) for the HL-LHC Accelerator Upgrade Project, 2021-02",https://news.fnal.gov/2021/02/hl-lhc-accelerator-upgrade-project-receives-approval-to-move-full-speed-ahead-from-department-of-energy/,confident,Fermilab news 2021-02-10: DOE formally approved the start of execution (CD-3) for the US AUP; exact approval day not given
agency-nsf,National Science Foundation,agency,p5-2014-hl-lhc,funder (US detector upgrade share),https://www.usparticlephysics.org/wp-content/uploads/2018/03/FINAL_P5_Report_053014.pdf,confident,bets.csv agency DOE+NSF; P5 report p. 10 calls the LHC program a 'successful interagency partnership'; NSF MREFC awards for the ATLAS and CMS upgrades (from 2020) seen in snippets only
giorgio-apollinari,Giorgio Apollinari (Fermilab),person,p5-2014-hl-lhc,"later project leader: HL-LHC Accelerator Upgrade Project (US) project manager (2019, 2021)",https://news.fnal.gov/2019/02/large-hadron-collider-upgrade-project-leaps-forward/,confident,"Fermilab news 2019-02-27 and 2021-02-10: 'Giorgio Apollinari, Fermilab scientist and HL-LHC AUP project manager'; snippets call him project director. No allowed-host page names the US HL-LHC leads as of 2014 (LARP era)"
steve-nahn,Steve Nahn (Fermilab),person,p5-2014-hl-lhc,"later project leader: project manager, DOE-funded US CMS HL-LHC detector upgrade (2025)",https://news.fnal.gov/2025/01/us-built-carbon-support-tube-arrives-at-cern-for-the-cms-experiment-upgrade/,confident,"Fermilab news 2025-01-15 names Nahn project manager of the DOE-funded portion of the CMS HL-LHC upgrade, Vaia Papadimitriou deputy. US ATLAS HL-LHC lead not found on an allowed host"
agency-doe,"U.S. Department of Energy, Office of Science (HEP)",agency,p5-2014-lhc-phase-1,"funder (US CMS Phase-1 upgrade, CD-4 2019)",https://news.fnal.gov/2019/08/uscms-completes-phase-1-upgrade-program-for-cms-detector-at-cern/,confident,"bets.csv agency DOE+NSF; Fermilab news 2019-08-26: USCMS delivered $40M of Phase-1 upgrades with DOE and NSF support, CD-4 approved"
agency-nsf,National Science Foundation,agency,p5-2014-lhc-phase-1,funder (US CMS Phase-1 upgrade),https://news.fnal.gov/2019/08/uscms-completes-phase-1-upgrade-program-for-cms-detector-at-cern/,confident,Same Fermilab article credits NSF alongside DOE; the US ATLAS Phase-1 share is not covered by any page read
steve-nahn,Steve Nahn (Fermilab),person,p5-2014-lhc-phase-1,"US project manager for the CMS Phase-1 detector upgrade (at CD-4, 2019)",https://news.fnal.gov/2019/08/uscms-completes-phase-1-upgrade-program-for-cms-detector-at-cern/,confident,"Fermilab news 2019-08-26: 'Steve Nahn, Fermilab scientist and U.S. project manager for the CMS detector upgrade'; whether he held the role in 2014 is not stated. No US ATLAS Phase-1 lead found on an allowed host"
agency-doe,"U.S. Department of Energy, Office of Science (HEP)",agency,p5-2014-pip-ii,"funder (host, Fermilab; line-item construction with in-kind partners)",https://www.energy.gov/documents/fy-2025-high-energy-physics-budget-request,confident,"bets.csv agency DOE; DOE HEP line-item project with contributions from India, Italy, UK, France and Poland (p5-2014-agency.csv)"
agency-doe,"U.S. Department of Energy, Office of Science (HEP)",agency,p5-2014-pip-ii,"approved CD-3 (construction start), 2022-04",https://news.fnal.gov/2022/04/new-accelerator-at-fermilab-approved-for-construction-start/,confident,"Fermilab news 2022-04-20: DOE formally approved Critical Decision 3 for PIP-II; quotes Harriet Kung, DOE acting HEP director"
steve-holmes,Stephen (Steve) Holmes (Fermilab),person,p5-2014-pip-ii,PIP-II project manager / project director from the project's start through March 2018 (in role 2015),https://news.fnal.gov/2015/11/pip-ii-renewing-fermilabs-accelerator-complex/,confident,"Fermilab news 2015-11-17: 'Steve Holmes, PIP-II project manager' (deputy Paul Derwent); 2018-03-12 article: Merminga 'succeeds Fermilab physicist Stephen Holmes' as project director. 2014 title not stated on a page read"
lia-merminga,"Lia Merminga (Fermilab, formerly TRIUMF and SLAC)",person,p5-2014-pip-ii,"later project leader: PIP-II project director, 2018-03-01 to April 2022, then Fermilab director",https://news.fnal.gov/2018/03/lia-merminga-to-lead-fermilabs-next-accelerator-project/,confident,"Fermilab news 2018-03-12; 2023-10-30 article: held the directorship four years before becoming Fermilab director in April 2022. Merminga was a P5 2014 panel member (Appendix B, as TRIUMF), so she sits on both sides of this bet"
pantaleo-raimondi,"Pantaleo Raimondi (Fermilab, formerly SLAC)",person,p5-2014-pip-ii,later project leader: PIP-II project director from 2023-12-04,https://news.fnal.gov/2023/10/pantaleo-raimondi-to-be-new-leader-of-fermilabs-accelerator-project/,confident,Fermilab news 2023-10-30; Rich Stanek was interim project director April 2022 to December 2023
cristian-boffo,Cristian Boffo (Fermilab),person,p5-2014-pip-ii,later project leader: PIP-II project director (in role July 2026),https://news.fnal.gov/2026/07/fermilab-installs-first-beamline-component-for-new-state-of-the-art-accelerator/,confident,"Fermilab news 2026-07-09 quotes 'Cristian Boffo, PIP-II Project Director'; handover date from Raimondi not found"
agency-nsf,National Science Foundation,agency,p5-2014-lsst,"funder (lead, MREFC observatory construction)",https://www.energy.gov/sites/prod/files/2017/05/f34/FY2018BudgetVolume4_1.pdf,confident,"bets.csv agency DOE+NSF; NSF led observatory construction and DOE built the camera as an MIE (p5-2014-agency.csv, FY2018 DOE budget)"
agency-doe,"U.S. Department of Energy, Office of Science (HEP)",agency,p5-2014-lsst,"funder (LSST camera MIE, TPC $168M)",https://www.energy.gov/sites/prod/files/2017/05/f34/FY2018BudgetVolume4_1.pdf,confident,bets.csv agency DOE+NSF; FY2018 DOE budget Volume 4 gives the LSSTcam TPC (p5-2014-agency.csv)
bhuvnesh-jain,Bhuvnesh Jain (University of Pennsylvania),person,p5-2014-lsst,"co-spokesperson, LSST Dark Energy Science Collaboration (DESC white paper, 2012; the DOE-side science case)",https://arxiv.org/abs/1211.0310,confident,"arXiv:1211.0310 (submitted 2012-11-01 by Jain) section 2.2 governance chart: 'Co-spokespersons: Bhuvnesh Jain, Steve Kahn'; deputy spokesperson Gregory Dubois-Felsmann"
steven-kahn,Steven M. Kahn (SLAC / Stanford),person,p5-2014-lsst,"co-spokesperson, LSST Dark Energy Science Collaboration (2012); LSST Director from 2013 (see astro2010-lsst rows)",https://arxiv.org/abs/1211.0310,confident,"arXiv:1211.0310 section 2.2: 'Co-spokespersons: Bhuvnesh Jain, Steve Kahn'; Kahn is lead author of the 2010 SPIE LSST camera design paper (SPIE 7735, 77350J, seen in a snippet only)"
tony-tyson,"J. Anthony (Tony) Tyson (University of California, Davis)",person,p5-2014-lsst,"LSST Project Chief Scientist (2012), ex officio on the DESC executive board",https://arxiv.org/abs/1211.0310,confident,arXiv:1211.0310 section 2.2 chart: 'LSST Project Chief Scientist: Tony Tyson'; same person as the astro2010-lsst director rows
aaron-roodman,Aaron Roodman (SLAC),person,p5-2014-lsst,later project leader: Director of the LSST Camera and Deputy Director of Rubin Construction (2025),https://www.energy.gov/science/articles/nsf-doe-vera-c-rubin-observatory-installs-lsst-camera-telescope,confident,DOE Office of Science article 2025-03-12 quotes Roodman with that title; the DOE camera lead as of 2014 (Kahn / Nadine Kurita per the 2010 SPIE paper) was not confirmed on a readable page
travis-lange,Travis Lange (SLAC),person,p5-2014-lsst,later project leader: LSST Camera project manager (2025),https://www.energy.gov/science/articles/nsf-doe-vera-c-rubin-observatory-installs-lsst-camera-telescope,confident,"DOE Office of Science article 2025-03-12: 'Travis Lange, LSST Camera Project Manager (SLAC)'"
agency-doe,"U.S. Department of Energy, Office of Science (HEP)",agency,p5-2014-dm-g2,funder (LZ and ADMX-G2 projects; SuperCDMS SNOLAB jointly with NSF),https://news.fnal.gov/2018/05/construction-begins-on-one-of-the-worlds-most-sensitive-dark-matter-experiments/,confident,bets.csv agency DOE+NSF; Fermilab news 2018-05-07: DOE and NSF approved funding and construction start for SuperCDMS SNOLAB; LZ and ADMX-G2 are DOE projects (p5-2014-agency.csv)
agency-nsf,National Science Foundation,agency,p5-2014-dm-g2,funder (joint G2 program; SuperCDMS SNOLAB),https://news.fnal.gov/2018/05/construction-begins-on-one-of-the-worlds-most-sensitive-dark-matter-experiments/,confident,Same article; P5 Recommendation 19 refers to the 2012 joint agency announcement of opportunity
agency-doe,"U.S. Department of Energy, Office of Science (HEP)",agency,p5-2014-dm-g2,"selected LZ, SuperCDMS SNOLAB and ADMX-G2 as the second-generation program, 2014",https://www.energy.gov/sites/prod/files/2015/02/f19/FY2016BudgetVolume4_5.pdf,confident,"FY2016 DOE budget request, Science Vol. 4 (HEP, local text line 6154): 'Three second generation experiments were selected in 2014 to directly detect dark matter, including the small-scale ... ADMX-G2 ... The LZ and SuperCDMS-SNOLab projects were selected and are expected to be baselined in FY 2016'; joint with NSF per snippets (July 2014)"
agency-nsf,National Science Foundation,agency,p5-2014-dm-g2,"selected LZ, SuperCDMS SNOLAB and ADMX-G2 as the second-generation program, 2014",https://www.energy.gov/sites/prod/files/2015/02/f19/FY2016BudgetVolume4_5.pdf,guess,"The DOE budget text records the 2014 selection; that NSF co-selected (joint July 2014 announcement) rests on search snippets (arXiv:1501.01200 Dark Matter 2014 review), page not opened"
gil-gilchriese,Murdock (Gil) Gilchriese (Lawrence Berkeley National Laboratory),person,p5-2014-dm-g2,LZ project director (in role 2017 and 2022; LZ CDR author 2015),https://news.fnal.gov/2017/02/next-gen-dark-matter-detector-race-finish-line/,confident,"Fermilab news 2017-02-13: 'LZ Project Director'; 2022-07-07 article: led design, manufacturing and installation. M.G.D. Gilchriese is in the LZ CDR author list (arXiv:1509.02910, March 2015)"
carter-hall,Carter Hall (University of Maryland),person,p5-2014-dm-g2,LZ collaboration spokesperson (2017),https://news.fnal.gov/2017/02/next-gen-dark-matter-detector-race-finish-line/,confident,"Fermilab news 2017-02-13: 'LZ Collaboration Spokesperson'. The LZ spokesperson at the time of ranking (Harry Nelson, UCSB, per general knowledge) is not named on any page read; H.N. Nelson is in the CDR author list only"
kevin-lesko,Kevin Lesko (Lawrence Berkeley National Laboratory),person,p5-2014-dm-g2,past LZ spokesperson (title as given in 2022),https://news.fnal.gov/2022/07/berkeley-lab-researchers-record-successful-startup-of-lux-zeplin-dark-matter-detector-at-sanford-underground-research-facility/,guess,Fermilab-reposted Berkeley Lab release 2022-07-07 calls Lesko 'past LZ Spokesperson' without dates; whether his term covered 2014 is not stated
hugh-lippincott,"Hugh Lippincott (Fermilab, later UC Santa Barbara)",person,p5-2014-dm-g2,later project leader: LZ spokesperson (2022); LZ physics coordinator in 2017,https://news.fnal.gov/2022/07/berkeley-lab-researchers-record-successful-startup-of-lux-zeplin-dark-matter-detector-at-sanford-underground-research-facility/,confident,"Fermilab news 2022-07-07: 'LZ Spokesperson, UC Santa Barbara'; 2017-02-13 article: Wilson Fellow at Fermilab and LZ physics coordinator; W.H. Lippincott in the CDR author list"
dan-bauer,Dan Bauer (Fermilab),person,p5-2014-dm-g2,"SuperCDMS collaboration spokesperson (at construction start, 2018)",https://news.fnal.gov/2018/05/construction-begins-on-one-of-the-worlds-most-sensitive-dark-matter-experiments/,confident,"Fermilab news 2018-05-07: 'Dan Bauer, SuperCDMS collaboration spokesperson'; D.A. Bauer in the arXiv:1610.00006 author list. The 2014 spokesperson (Blas Cabrera per general knowledge) is in that author list but untitled"
gray-rybka,Gray Rybka (University of Washington),person,p5-2014-dm-g2,ADMX co-spokesperson (2018),https://news.fnal.gov/2018/04/admx-announces-breakthrough-in-axion-dark-matter-detection-technology/,confident,"Fermilab news 2018-04-09: 'Gray Rybka, ADMX co-spokesperson, University of Washington'; co-spokesperson Gianpaolo Carosi (LLNL) named in the same article"
leslie-rosenberg,Leslie Rosenberg (University of Washington),person,p5-2014-dm-g2,ADMX chief scientist (2018); ADMX-G2 lead at the time of ranking per general knowledge,https://news.fnal.gov/2018/04/admx-announces-breakthrough-in-axion-dark-matter-detection-technology/,guess,Fermilab news 2018-04-09: 'University of Washington chief scientist for ADMX'; the 2014 principal-investigator title appears nowhere on a page read
agency-nsf,National Science Foundation,agency,p5-2014-pingu,funder (IceCube host agency; PINGU itself never funded),https://arxiv.org/abs/2509.13066,confident,"bets.csv agency NSF; PINGU was not funded, and the smaller IceCube Upgrade was NSF-led with foreign partners (p5-2014-agency.csv)"
agency-nsf,National Science Foundation,agency,p5-2014-pingu,funded the seven-string IceCube Upgrade in place of the 40-string PINGU (award 2018 per snippets; deployed 2025-26),https://arxiv.org/abs/2509.13066,guess,"arXiv:2509.13066 describes the seven-string Upgrade as pursuing PINGU's oscillation goals; the NSF award date (2018) and share (about 70 percent) are from search snippets, hosts unreachable"
doug-cowen,Douglas F. Cowen (Pennsylvania State University),person,p5-2014-pingu,"corresponding author, PINGU Letter of Intent (2014)",https://arxiv.org/abs/1401.2046,confident,"arXiv:1401.2046v1 (2014-01-09) front matter: 'Corresponding authors ... cowen@phys.psu.edu (D. F. Cowen), deyoung@phys.psu.edu (T. DeYoung)'; v2 (2017) is re-issued under the IceCube-Gen2 collaboration"
tyce-deyoung,"Tyce DeYoung (Pennsylvania State University, later Michigan State)",person,p5-2014-pingu,"corresponding author, PINGU Letter of Intent (2014)",https://arxiv.org/abs/1401.2046,confident,"arXiv:1401.2046v1 front matter lists DeYoung as corresponding author with Cowen. P5 member Francis Halzen (IceCube PI per general knowledge) is in the LoI author list, a cross-link not sourced here"
agency-doe,"U.S. Department of Energy, Office of Science (HEP)",agency,p5-2014-mice,funder (US share via the Muon Accelerator Program; STFC lead),https://arxiv.org/abs/1907.08562,confident,"bets.csv agency DOE+NSF; Fermilab news 2020-02-05 credits STFC, Fermilab, DOE Office of Science and NSF"
agency-nsf,National Science Foundation,agency,p5-2014-mice,funder (US university groups),https://news.fnal.gov/2020/02/mice-experiment-demonstrates-key-technique-for-future-muon-colliders/,guess,Fermilab news 2020-02-05 lists NSF among supporters; p5-2014-agency.csv notes the NSF share may be university grants only
agency-doe,"U.S. Department of Energy, Office of Science (HEP)",agency,p5-2014-mice,"ramped down the Muon Accelerator Program as recommended by P5, last funding FY2017 (decision in the FY2016 request, 2015-02)",https://www.energy.gov/sites/prod/files/2015/02/f19/FY2016BudgetVolume4_5.pdf,confident,"FY2016 DOE budget Science Vol. 4 (local lines 6310, 6964): 'funding for the Muon Accelerator Program is reduced further with the last year of funding in FY 2017' and 'MAP effort will be ramping down as recommended by P5 according to a detailed ramp-down plan which will be developed in FY 2015'; FY2017 request (line 7927) repeats FY2017 as the last year"
daniel-kaplan,Daniel M. Kaplan (Illinois Institute of Technology),person,p5-2014-mice,"author, 'Progress Towards Completion of the MICE Demonstration of Muon Ionization Cooling' for the MICE collaboration (NuFact 2013)",https://arxiv.org/abs/1312.1626,confident,"arXiv:1312.1626 (2013-12-05): sole listed author 'Daniel M. Kaplan ... (for the MICE Collaboration)'; a status paper, not a leadership statement"
ken-long,Ken Long (Imperial College London),person,p5-2014-mice,"MICE collaboration leader (spokesperson), as credited at the 2020 cooling result",https://news.fnal.gov/2020/02/mice-experiment-demonstrates-key-technique-for-future-muon-colliders/,confident,"Fermilab news 2020-02-05: 'The MICE collaboration, led by Professor Ken Long of Imperial College London'; the article does not say when his term began, so 2014 tenure is inferred"
mark-palmer,Mark A. Palmer (Fermilab),person,p5-2014-mice,author of 'The US muon accelerator program' for the MAP collaboration (2015); MAP director per general knowledge,https://arxiv.org/abs/1502.03454,guess,"arXiv:1502.03454 (2015-02-11), M.A. Palmer, Fermilab, 'for the MAP Collaboration', describes MAP's P5-driven ramp-down; the director title is not stated on any page read"
agency-doe,"U.S. Department of Energy, Office of Science (HEP)",agency,p5-2014-chips,"funder (US side, via Fermilab; UK and ERC funds for the rest)",https://arxiv.org/html/2401.11728v1,confident,bets.csv agency DOE; CHIPS acknowledgements name Fermilab and DOE as US funders (p5-2014-agency.csv). No agency action on CHIPS after P5's N/N/N is recorded on any page read
karol-lang,Karol Lang (University of Texas at Austin),person,p5-2014-chips,"author, 'Prospects for CHIPS' (December 2014 conference overview); CHIPS LoI co-author (2013)",https://arxiv.org/abs/1504.08330,confident,"arXiv:1504.08330 (2015-04-30), sole author Karol Lang, proceedings of Prospects in Neutrino Physics, December 2014; K. Lang (Texas) in the LoI arXiv:1307.5918 author list"
jenny-thomas,Jennifer (Jenny) Thomas (University College London),person,p5-2014-chips,CHIPS LoI co-author (2013); CHIPS spokesperson per general knowledge,https://arxiv.org/abs/1307.5918,guess,"arXiv:1307.5918 (LoI to FNAL, 2013-07, v3 2013-09-23) lists J. Thomas (UCL) among 40 authors with no roles; the 2024 design paper arXiv:2401.11728 has S. Bash (UCL) as corresponding author. No page read names a CHIPS spokesperson"
agency-doe,"U.S. Department of Energy, Office of Science (HEP)",agency,p5-2014-lar1,"funder (host, Fermilab)",https://news.fnal.gov/2021/09/scientists-assemble-final-detector-of-fermilabs-short-baseline-neutrino-program/,confident,"bets.csv agency DOE; LAr1-ND became SBND, supported by the DOE Office of Science (p5-2014-agency.csv)"
agency-doe,"U.S. Department of Energy, Office of Science (HEP)",agency,p5-2014-lar1,"did not fund LAr1 as proposed; funded the smaller SBN program (SBND plus ICARUS) instead, from the FY2016 request (2015-02)",https://www.energy.gov/sites/prod/files/2015/02/f19/FY2016BudgetVolume4_5.pdf,confident,"FY2016 DOE budget Science Vol. 4 (local line 6300): support for 'a new short baseline neutrino program at Fermilab, as recommended in the HEPAP strategic plan'; FY2017 request (line 7046) names SBND and ICARUS as the program's detectors, matching P5's call for 'an appropriate combination of smaller near-term projects'"
bonnie-fleming,Bonnie Fleming (Yale University),person,p5-2014-lar1,"contact person, LAr1-ND proposal (2013); also a P5 2014 panel member",https://arxiv.org/abs/1309.7987,confident,"arXiv:1309.7987 (v3 2013-11-05) marks B. Fleming (Yale), O. Palamara (Yale) and D.W. Schmitz (Chicago) as 'Contact persons'. Fleming sat on the P5 panel that declined LAr1 (Appendix B), a conflict worth flagging in the graph"
ornella-palamara,"Ornella Palamara (Yale, later Fermilab)",person,p5-2014-lar1,"contact person, LAr1-ND proposal (2013)",https://arxiv.org/abs/1309.7987,confident,arXiv:1309.7987 author list: 'O. Palamara*' with the footnote 'Contact persons'
david-schmitz,David W. Schmitz (University of Chicago),person,p5-2014-lar1,"contact person, LAr1-ND proposal (2013)",https://arxiv.org/abs/1309.7987,confident,arXiv:1309.7987 author list: 'D.W. Schmitz*' with the footnote 'Contact persons'
agency-doe,"U.S. Department of Energy, Office of Science (HEP)",agency,p5-2014-sbn,"funder (host, Fermilab; ICARUS detector from INFN)",https://news.fnal.gov/2018/06/united-states-and-italy-sign-agreement-to-collaborate-on-sterile-neutrino-research/,confident,"bets.csv agency DOE; FY2017 DOE budget (local line 7046) describes the SBN program with MicroBooNE, SBND and ICARUS at Fermilab"
carlo-rubbia,Carlo Rubbia (CERN / INFN / GSSI),person,p5-2014-sbn,"ICARUS spokesperson (SBN proposal, 2015; still in role 2026)",https://arxiv.org/abs/1503.01520,confident,"arXiv:1503.01520 (2015-03-05) author list marks 'C. Rubbia*' with footnote '*Spokespeople'; Fermilab news 2026-04-15 quotes 'Carlo Rubbia, ICARUS spokesperson'"
bonnie-fleming,Bonnie Fleming (Yale University),person,p5-2014-sbn,MicroBooNE co-spokesperson (SBN proposal 2015; Fermilab news 2015); also a P5 2014 panel member,https://arxiv.org/abs/1503.01520,confident,arXiv:1503.01520 marks 'B.T. Fleming*' (Spokespeople); Fermilab news 2015-08-10 and 2015-10-30: 'MicroBooNE co-spokesperson'. On the P5 panel that recommended the SBN portfolio (Appendix B)
sam-zeller,G.P. (Sam) Zeller (Fermilab),person,p5-2014-sbn,MicroBooNE co-spokesperson (SBN proposal 2015; Fermilab news 2015),https://news.fnal.gov/2015/10/microboone-sees-first-accelerator-born-neutrinos-2/,confident,"arXiv:1503.01520 marks 'G.P. Zeller*' (Spokespeople); Fermilab news 2015-10-30: 'Sam Zeller, Fermilab physicist, MicroBooNE co-spokesperson'"
ornella-palamara,Ornella Palamara (Fermilab),person,p5-2014-sbn,LAr1-ND / SBND co-spokesperson (SBN proposal 2015; in role 2024; succeeded by Szelc 2025),https://news.fnal.gov/2024/09/first-neutrinos-detected-at-fermilab-short-baseline-detector/,confident,arXiv:1503.01520 marks 'O. Palamara*' (Spokespeople); Fermilab news 2024-09-10: 'Fermilab scientist and SBND Co-spokesperson'; 2025-09 article (snippet) says Szelc succeeded her
david-schmitz,David W. Schmitz (University of Chicago),person,p5-2014-sbn,LAr1-ND / SBND co-spokesperson (SBN proposal 2015; Fermilab news 2015 and 2024),https://news.fnal.gov/2015/08/the-short-baseline-detectives-and-the-mysterious-case-of-the-sterile-neutrino/,confident,arXiv:1503.01520 marks 'D.W. Schmitz*' (Spokespeople); Fermilab news 2015-08-10 and 2024-09-10: 'SBND co-spokesperson'
peter-wilson,Peter Wilson (Fermilab),person,p5-2014-sbn,SBN program coordinator (2015),https://news.fnal.gov/2015/08/the-short-baseline-detectives-and-the-mysterious-case-of-the-sterile-neutrino/,confident,"Fermilab news 2015-08-10 quotes 'Peter Wilson, SBN program coordinator'"
committee-astro2010,"Astro2010 Committee for a Decadal Survey of Astronomy and Astrophysics (New Worlds, New Horizons)",committee,astro2010-explorer,ranking committee,https://nap.nationalacademies.org/read/12951/chapter/1,confident,"Committee membership printed in the front matter of New Worlds, New Horizons (NAP 12951); nap URL 301-redirects to www.nationalacademies.org/read/12951/chapter/1, which is what was read"
roger-blandford,Roger D. Blandford (Stanford University),person,astro2010-explorer,Astro2010 survey committee chair,https://nap.nationalacademies.org/read/12951/chapter/1,confident,"Front matter lists 'Roger D. Blandford, Stanford University, Chair'; vice chairs Martha P. Haynes (Cornell), John P. Huchra (Harvard), Marcia J. Rieke (Arizona)"
alan-dressler,Alan Dressler (Observatories of the Carnegie Institution of Washington),person,astro2010-explorer,"chair, Astro2010 Panel on Electromagnetic Observations from Space",https://nap.nationalacademies.org/read/12951/chapter/1,confident,"Front matter names Dressler as EOS panel chair; the EOS panel ranked the space large and medium activities (Explorer augmentation, New Worlds and Inflation Probe technology programs)"
committee-astro2010,"Astro2010 Committee for a Decadal Survey of Astronomy and Astrophysics (New Worlds, New Horizons)",committee,astro2010-lisa,ranking committee,https://nap.nationalacademies.org/read/12951/chapter/1,confident,"Committee membership printed in the front matter of New Worlds, New Horizons (NAP 12951); nap URL 301-redirects to www.nationalacademies.org/read/12951/chapter/1, which is what was read"
roger-blandford,Roger D. Blandford (Stanford University),person,astro2010-lisa,Astro2010 survey committee chair,https://nap.nationalacademies.org/read/12951/chapter/1,confident,"Front matter lists 'Roger D. Blandford, Stanford University, Chair'; vice chairs Martha P. Haynes (Cornell), John P. Huchra (Harvard), Marcia J. Rieke (Arizona)"
jacqueline-hewitt,Jacqueline N. Hewitt (Massachusetts Institute of Technology),person,astro2010-lisa,"chair, Astro2010 Panel on Particle Astrophysics and Gravitation",https://nap.nationalacademies.org/read/12951/chapter/1,confident,Front matter names Hewitt as PAG panel chair; LISA and ACTA (AGIS) inputs went to this panel (the LISA white paper arXiv:0903.0103 lists the PAG panel among its targets only implicitly; the brief assigns LISA and ACTA to PAG)
committee-astro2010,"Astro2010 Committee for a Decadal Survey of Astronomy and Astrophysics (New Worlds, New Horizons)",committee,astro2010-new-worlds-tech,ranking committee,https://nap.nationalacademies.org/read/12951/chapter/1,confident,"Committee membership printed in the front matter of New Worlds, New Horizons (NAP 12951); nap URL 301-redirects to www.nationalacademies.org/read/12951/chapter/1, which is what was read"
roger-blandford,Roger D. Blandford (Stanford University),person,astro2010-new-worlds-tech,Astro2010 survey committee chair,https://nap.nationalacademies.org/read/12951/chapter/1,confident,"Front matter lists 'Roger D. Blandford, Stanford University, Chair'; vice chairs Martha P. Haynes (Cornell), John P. Huchra (Harvard), Marcia J. Rieke (Arizona)"
alan-dressler,Alan Dressler (Observatories of the Carnegie Institution of Washington),person,astro2010-new-worlds-tech,"chair, Astro2010 Panel on Electromagnetic Observations from Space",https://nap.nationalacademies.org/read/12951/chapter/1,confident,"Front matter names Dressler as EOS panel chair; the EOS panel ranked the space large and medium activities (Explorer augmentation, New Worlds and Inflation Probe technology programs)"
committee-astro2010,"Astro2010 Committee for a Decadal Survey of Astronomy and Astrophysics (New Worlds, New Horizons)",committee,astro2010-inflation-probe-tech,ranking committee,https://nap.nationalacademies.org/read/12951/chapter/1,confident,"Committee membership printed in the front matter of New Worlds, New Horizons (NAP 12951); nap URL 301-redirects to www.nationalacademies.org/read/12951/chapter/1, which is what was read"
roger-blandford,Roger D. Blandford (Stanford University),person,astro2010-inflation-probe-tech,Astro2010 survey committee chair,https://nap.nationalacademies.org/read/12951/chapter/1,confident,"Front matter lists 'Roger D. Blandford, Stanford University, Chair'; vice chairs Martha P. Haynes (Cornell), John P. Huchra (Harvard), Marcia J. Rieke (Arizona)"
alan-dressler,Alan Dressler (Observatories of the Carnegie Institution of Washington),person,astro2010-inflation-probe-tech,"chair, Astro2010 Panel on Electromagnetic Observations from Space",https://nap.nationalacademies.org/read/12951/chapter/1,confident,"Front matter names Dressler as EOS panel chair; the EOS panel ranked the space large and medium activities (Explorer augmentation, New Worlds and Inflation Probe technology programs)"
committee-astro2010,"Astro2010 Committee for a Decadal Survey of Astronomy and Astrophysics (New Worlds, New Horizons)",committee,astro2010-msip,ranking committee,https://nap.nationalacademies.org/read/12951/chapter/1,confident,"Committee membership printed in the front matter of New Worlds, New Horizons (NAP 12951); nap URL 301-redirects to www.nationalacademies.org/read/12951/chapter/1, which is what was read"
roger-blandford,Roger D. Blandford (Stanford University),person,astro2010-msip,Astro2010 survey committee chair,https://nap.nationalacademies.org/read/12951/chapter/1,confident,"Front matter lists 'Roger D. Blandford, Stanford University, Chair'; vice chairs Martha P. Haynes (Cornell), John P. Huchra (Harvard), Marcia J. Rieke (Arizona)"
patrick-osmer,Patrick S. Osmer (Ohio State University),person,astro2010-msip,"chair, Astro2010 Panel on Optical and Infrared Astronomy from the Ground",https://nap.nationalacademies.org/read/12951/chapter/1,confident,"Front matter names Osmer as OIR ground panel chair (vice chair Michael Skrutskie, Virginia); GSMT and the mid-scale program were OIR ground panel inputs"
committee-astro2010,"Astro2010 Committee for a Decadal Survey of Astronomy and Astrophysics (New Worlds, New Horizons)",committee,astro2010-gsmt,ranking committee,https://nap.nationalacademies.org/read/12951/chapter/1,confident,"Committee membership printed in the front matter of New Worlds, New Horizons (NAP 12951); nap URL 301-redirects to www.nationalacademies.org/read/12951/chapter/1, which is what was read"
roger-blandford,Roger D. Blandford (Stanford University),person,astro2010-gsmt,Astro2010 survey committee chair,https://nap.nationalacademies.org/read/12951/chapter/1,confident,"Front matter lists 'Roger D. Blandford, Stanford University, Chair'; vice chairs Martha P. Haynes (Cornell), John P. Huchra (Harvard), Marcia J. Rieke (Arizona)"
patrick-osmer,Patrick S. Osmer (Ohio State University),person,astro2010-gsmt,"chair, Astro2010 Panel on Optical and Infrared Astronomy from the Ground",https://nap.nationalacademies.org/read/12951/chapter/1,confident,"Front matter names Osmer as OIR ground panel chair (vice chair Michael Skrutskie, Virginia); GSMT and the mid-scale program were OIR ground panel inputs"
committee-astro2010,"Astro2010 Committee for a Decadal Survey of Astronomy and Astrophysics (New Worlds, New Horizons)",committee,astro2010-acta,ranking committee,https://nap.nationalacademies.org/read/12951/chapter/1,confident,"Committee membership printed in the front matter of New Worlds, New Horizons (NAP 12951); nap URL 301-redirects to www.nationalacademies.org/read/12951/chapter/1, which is what was read"
roger-blandford,Roger D. Blandford (Stanford University),person,astro2010-acta,Astro2010 survey committee chair,https://nap.nationalacademies.org/read/12951/chapter/1,confident,"Front matter lists 'Roger D. Blandford, Stanford University, Chair'; vice chairs Martha P. Haynes (Cornell), John P. Huchra (Harvard), Marcia J. Rieke (Arizona)"
jacqueline-hewitt,Jacqueline N. Hewitt (Massachusetts Institute of Technology),person,astro2010-acta,"chair, Astro2010 Panel on Particle Astrophysics and Gravitation",https://nap.nationalacademies.org/read/12951/chapter/1,confident,Front matter names Hewitt as PAG panel chair; LISA and ACTA (AGIS) inputs went to this panel (the LISA white paper arXiv:0903.0103 lists the PAG panel among its targets only implicitly; the brief assigns LISA and ACTA to PAG)
committee-astro2010,"Astro2010 Committee for a Decadal Survey of Astronomy and Astrophysics (New Worlds, New Horizons)",committee,astro2010-ccat,ranking committee,https://nap.nationalacademies.org/read/12951/chapter/1,confident,"Committee membership printed in the front matter of New Worlds, New Horizons (NAP 12951); nap URL 301-redirects to www.nationalacademies.org/read/12951/chapter/1, which is what was read"
roger-blandford,Roger D. Blandford (Stanford University),person,astro2010-ccat,Astro2010 survey committee chair,https://nap.nationalacademies.org/read/12951/chapter/1,confident,"Front matter lists 'Roger D. Blandford, Stanford University, Chair'; vice chairs Martha P. Haynes (Cornell), John P. Huchra (Harvard), Marcia J. Rieke (Arizona)"
neal-evans,Neal J. Evans (University of Texas),person,astro2010-ccat,"chair, Astro2010 Panel on Radio, Millimeter, and Submillimeter Astronomy from the Ground",https://nap.nationalacademies.org/read/12951/chapter/1,confident,"Front matter names Evans as RMS panel chair (vice chair James M. Moran, Harvard); CCAT was the panel's top submillimeter facility"
agency-nasa,National Aeronautics and Space Administration,agency,astro2010-explorer,funder (sole),https://nap.nationalacademies.org/read/12951,confident,"New Worlds, New Horizons Table ES.5: Explorer augmentation, total and U.S. share both $463M, NASA program; bets.csv agency NASA"
agency-nasa,National Aeronautics and Space Administration,agency,astro2010-explorer,"delayed the augmentation: first astrophysics Explorer AO of the decade released September 2014, plan of at least four AOs for 2012-2021",https://www.nationalacademies.org/read/23560/chapter/6,confident,"Midterm chapter 4: NASA SMD separated heliophysics and astrophysics Explorer budgets; 'In September 2014, NASA-APD released the first AO for astrophysics Explorers in this decade (an earlier AO did not proceed to selection)'; Recommendation 4-3 endorses NASA's plan of at least four AOs"
martin-elvis,Martin Elvis (Smithsonian Astrophysical Observatory),person,astro2010-explorer,"lead author, 'A Vigorous Explorer Program', Activities/Program white paper to Astro2010 (November 2009)",https://arxiv.org/abs/0911.3383,confident,"arXiv:0911.3383 front page: 'Author: Martin Elvis, Smithsonian Astrophysical Observatory (SAO)' with 49 co-authors; comments say it is an Activities/Program White Paper submitted to the Astro2010 decadal review"
neil-gehrels,Neil Gehrels (NASA Goddard Space Flight Center),person,astro2010-explorer,"co-author, 'A Vigorous Explorer Program' (2009)",https://arxiv.org/abs/0911.3383,confident,Listed among the co-authors on the arXiv:0911.3383 front page (NASA/GSFC); Gehrels is also the JDEM-Omega author in the WFIRST rows
john-mather,John Mather (NASA Goddard Space Flight Center),person,astro2010-explorer,"co-author, 'A Vigorous Explorer Program' (2009)",https://arxiv.org/abs/0911.3383,confident,Listed among the co-authors on the arXiv:0911.3383 front page (NASA/GSFC); the paper cites his COBE Explorer Nobel prize as part of the case
martin-weisskopf,Martin Weisskopf (NASA Marshall Space Flight Center),person,astro2010-explorer,"co-author, 'A Vigorous Explorer Program' (2009)",https://arxiv.org/abs/0911.3383,confident,Listed among the co-authors on the arXiv:0911.3383 front page (NASA/MSFC); his later IXPE SMEX PI role is not verified on an allowed host and is not recorded here
george-ricker,George Ricker (Massachusetts Institute of Technology),person,astro2010-explorer,"co-author, 'A Vigorous Explorer Program' (2009)",https://arxiv.org/abs/0911.3383,confident,Listed among the co-authors on the arXiv:0911.3383 front page (MIT); his TESS Explorer PI role is not verified on an allowed host and is not recorded here
agency-nasa,National Aeronautics and Space Administration,agency,astro2010-lisa,funder (assumed 50 percent partner with ESA at ranking),https://nap.nationalacademies.org/read/12951,confident,"New Worlds, New Horizons Table ES.5: LISA total $2.4B, U.S. share $1.5B assuming a 50 percent NASA/ESA partnership and a successful LISA Pathfinder; bets.csv agency NASA"
agency-nasa,National Aeronautics and Space Administration,agency,astro2010-lisa,"dissolved the co-equal ESA/NASA LISA partnership, 2011",https://www.nationalacademies.org/read/23560/chapter/6,confident,"Midterm chapter 4: 'Because of the JWST schedule delay and cost increase, and LISA's ranking behind WFIRST in NWNH ... in 2011 the ESA/NASA co-equal partnership was dissolved'; U.S. LISA groups fell from about $3M/yr (FY2010-FY2011) to about $0.3M/yr competed funding"
agency-nasa,National Aeronautics and Space Administration,agency,astro2010-lisa,later: authorized to plan a 10 percent ($150M) stake in ESA's L3 eLISA (2016),https://www.nationalacademies.org/read/23560/chapter/6,confident,"Midterm chapter 4: NASA 'currently authorized to plan for U.S. participation in an eLISA mission at the reduced cost of $150 million, which equates to a 10 percent stake'; ESA selected the Gravitational Universe theme for L3 with launch in the 2030s"
agency-nasa,National Aeronautics and Space Administration,agency,astro2010-lisa,"later: junior partner in ESA-adopted LISA (adoption January 2024, launch mid-2035)",https://arxiv.org/abs/2601.15365,confident,"arXiv:2601.15365 abstract: LISA 'due to launch mid-2035, is a large class space mission by ESA. In partnership with NASA and ESA-member states'; arXiv:2012.02650 (NASA LISA Study Team report) calls NASA a junior partner; the January 2024 adoption date appears in the search summary and the outcomes row, not on a page read here"
tom-prince,Tom Prince (Caltech / JPL),person,astro2010-lisa,"lead author, 'The Promise of Low-Frequency Gravitational Wave Astronomy', Astro2010 science white paper for the LISA International Science Team (February 2009)",https://arxiv.org/abs/0903.0103,confident,"arXiv:0903.0103 front page: 'Lead Author: Tom Prince (Caltech/JPL) for Members of the LISA International Science Team', then 26 LIST members; the LISA RFI response itself is on lisa.nasa.gov (blocked) so this is the open champion statement"
robin-stebbins,"Robin Stebbins (NASA Goddard Space Flight Center, later JILA/University of Colorado)",person,astro2010-lisa,LISA International Science Team member at ranking (2009); later LISA Science Study Team member (2023),https://arxiv.org/abs/0903.0103,confident,"Listed as 'Robin Stebbins (GSFC)' among LIST members on the arXiv:0903.0103 front page; the ESA LISA Definition Study Report (arXiv:2402.07571, authorship page) lists him on the LISA Science Study Team at JILA/University of Colorado. The NASA LISA project scientist title appears only in search snippets"
karsten-danzmann,Karsten Danzmann (AEI Hannover / Leibniz Universitat Hannover),person,astro2010-lisa,LISA International Science Team member at ranking (2009); later project leader: Lead Proposer of the LISA L3 proposal to ESA (January 2017) and LISA Science Study Team member (2023),https://arxiv.org/abs/1702.00786,confident,"arXiv:0903.0103 lists 'Karsten Danzman (U. of Hannover/MPI)' as a LIST member; arXiv:1702.00786 front page: 'Lead Proposer Prof. Dr. Karsten Danzmann', Albert Einstein Institute Hannover; arXiv:2402.07571 lists him on the Science Study Team"
bernard-schutz,"Bernard F. Schutz (Albert Einstein Institute, Potsdam)",person,astro2010-lisa,"lead author, 'Will Einstein Have the Last Word on Gravity?' Astro2010 science white paper (February 2009); LISA International Science Team member",https://arxiv.org/abs/0903.0100,confident,"arXiv:0903.0100 author list begins 'Bernard F. Schutz, Joan Centrella, Curt Cutler, Scott A. Hughes'; arXiv:0903.0103 lists 'Bernard Schutz (AEI Potsdam/MPI)' among LIST members"
scott-hughes,Scott A. Hughes (Massachusetts Institute of Technology),person,astro2010-lisa,LISA International Science Team member (2009); co-author of the Astro2010 white papers arXiv:0903.0100 and arXiv:0902.1527,https://arxiv.org/abs/0903.0103,confident,"arXiv:0903.0103 lists 'Scott Hughes (MIT)' among LIST members; arXiv:0902.1527 ('Coordinated Science in the Gravitational and Electromagnetic Skies', Bloom, Holz, Hughes, Menou) names him as one of four lead authors"
kelly-holley-bockelmann,Kelly Holley-Bockelmann (Vanderbilt University),person,astro2010-lisa,later project leader: first-listed author of the NASA LISA Study Team report 'Getting Ready for LISA' (February 2020); LISA Science Study Team member (2023),https://arxiv.org/abs/2012.02650,confident,"arXiv:2012.02650 is 'A report of the NASA LISA Study Team, Science Support Taskforce', submitted by Holley-Bockelmann as first author; arXiv:2402.07571 authorship page lists her on the LISA Science Study Team (Vanderbilt). A chair title is not stated in either document"
ira-thorpe,Ira Thorpe (NASA Goddard Space Flight Center),person,astro2010-lisa,later project leader: NASA Study Scientist for LISA (2023),https://arxiv.org/abs/2402.07571,confident,"ESA LISA Definition Study Report (ESA-SCI-DIR-RP-002, September 2023, arXiv:2402.07571) authorship page: 'Ira Thorpe (NASA Study Scientist), NASA GSFC', listed with the LISA Science Study Team"
agency-nasa,National Aeronautics and Space Administration,agency,astro2010-new-worlds-tech,funder (sole),https://nap.nationalacademies.org/read/12951,confident,"New Worlds, New Horizons Table ES.4: New Worlds Technology Development Program, $100M-$200M committee-generated, NASA; bets.csv agency NASA"
agency-nasa,National Aeronautics and Space Administration,agency,astro2010-new-worlds-tech,"later: folded the exoplanet technology investment into the WFIRST coronagraph (SDT baseline 2015, about $0.35B of the $2.0B-$2.3B WFIRST-AFTA cost)",https://www.nationalacademies.org/read/23560/chapter/6,confident,"Midterm chapter 4: NASA used the SAT program for exoplanet technology (over $64M total SAT in the first half of the decade); 'At NASA's direction, the 2015 SDT report adopted the coronagraph as a (descopable) part of the baseline WFIRST-AFTA mission'; $0.35B (FY2015$) ascribed to the coronagraph"
marie-levine,Marie Levine (Jet Propulsion Laboratory),person,astro2010-new-worlds-tech,"lead author, 'Terrestrial Planet Finder Coronagraph (TPF-C) Flight Baseline Concept' (November 2009); lead author of the Astro2010 technology white paper 'Overview of Technologies for Direct Optical Imaging of Exoplanets'",https://arxiv.org/abs/0911.3200,guess,"arXiv:0911.3200 author list begins 'Levine, Marie; Lisman, D.; Shaklan, S.; Kasting, J.; Traub, W.' (confident for that paper). The Astro2010 technology white paper 'Overview of Technologies for Direct Optical Imaging of Exoplanets' by Levine, Soummer, Arenberg, Belikov et al. is known only from a search snippet (cited in arXiv:2602.14823), not opened"
stuart-shaklan,Stuart Shaklan (Jet Propulsion Laboratory),person,astro2010-new-worlds-tech,"co-author, TPF-C Flight Baseline Concept (2009)",https://arxiv.org/abs/0911.3200,confident,Third author on arXiv:0911.3200; JPL coronagraph technologist (title not stated in the abstract page)
wesley-traub,Wesley Traub (Jet Propulsion Laboratory / Caltech),person,astro2010-new-worlds-tech,"co-author, TPF-C Flight Baseline Concept (2009); co-author, 'A Vigorous Explorer Program' (2009)",https://arxiv.org/abs/0911.3200,confident,Fifth author on arXiv:0911.3200; listed as 'Wesley Traub (JPL/Caltech)' among the Explorer white paper co-authors (arXiv:0911.3383). The NASA Exoplanet Exploration Program chief scientist title appears only in search snippets
marc-postman,Marc Postman (Space Telescope Science Institute),person,astro2010-new-worlds-tech,"lead author, 'ATLAST: A Technology Roadmap for the Next Decade', Astro2010 technology white paper (April 2009)",https://arxiv.org/abs/0904.0941,confident,arXiv:0904.0941 author list begins 'Marc Postman; Vic Argabright; Bill Arnold; David Aronstein'; ATLAST was the large-aperture direct-imaging concept studied under NASA's 2008 ASMCS program
webster-cash,Webster Cash (University of Colorado),person,astro2010-new-worlds-tech,New Worlds Observer starshade concept lead; concept submitted to Astro2010 (2009),https://arxiv.org/abs/1204.6063,guess,"arXiv:1204.6063 ('The search for habitable worlds: 1. The viability of a starshade mission', Turnbull, Glassman, Roberge, Cash, 2012) names Cash as co-author and refers to the 2010 Decadal; that NWO was submitted to Astro2010 under Cash rests on a search snippet (arXiv:2602.14823), not a page read"
vanessa-bailey,Vanessa P. Bailey (Jet Propulsion Laboratory),person,astro2010-new-worlds-tech,later: lead author of the Nancy Grace Roman Space Telescope Coronagraph Instrument overview (September 2023),https://arxiv.org/abs/2309.08672,confident,arXiv:2309.08672 front page: 'Vanessa P. Bailey ... Send correspondence to V.P.B.'; the Roman Coronagraph is the technology demonstration that absorbed the NWNH New Worlds program per the midterm; her instrument role title is not stated
agency-nasa,National Aeronautics and Space Administration,agency,astro2010-inflation-probe-tech,funder (sole),https://nap.nationalacademies.org/read/12951,confident,"New Worlds, New Horizons Table ES.4: Inflation Probe Technology Development Program, $60M (range $60M-$200M) committee-generated, NASA; bets.csv agency NASA"
agency-nasa,National Aeronautics and Space Administration,agency,astro2010-inflation-probe-tech,later: supported CMB technology through SAT and balloon programs; the B-mode detection trigger for a mission-specific program was never met (2016),https://www.nationalacademies.org/read/23560/chapter/6,confident,"Midterm chapter 4: SAT initiatives 'focused on exoplanet, CMB, gravitational wave, and X-ray science'; the Inflation Probe program was 'contingent on positive B-mode detection' and current efforts were balloon flights plus the proposed ground-based CMB-S4"
daniel-baumann,Daniel Baumann (Harvard University / Princeton),person,astro2010-inflation-probe-tech,"co-lead author, 'CMBPol Mission Concept Study: Probing Inflation with CMB Polarization' (November 2008), the Inflation Working Group input to the Astro2010 CMBPol submission",https://arxiv.org/abs/0811.3919,confident,"arXiv:0811.3919 author list begins 'Daniel Baumann, Mark G. Jackson' with the dagger/double-dagger corresponding marks; the text says the paper was 'included into a larger document to be submitted to the Decadal survey at the end of 2008'. The brief's arXiv:0902.4010 is a different (hep-th) paper"
mark-jackson,Mark G. Jackson (Fermilab / Lorentz Institute),person,astro2010-inflation-probe-tech,"co-lead author, 'CMBPol Mission Concept Study: Probing Inflation with CMB Polarization' (2008)",https://arxiv.org/abs/0811.3919,confident,Second author with a corresponding-author mark on arXiv:0811.3919 (60 authors; Inflation Working Group contribution to the CMBPol Mission Concept Study)
james-bock,James Bock (JPL / Caltech),person,astro2010-inflation-probe-tech,"Principal Investigator, EPIC-IM study for NASA's Einstein Inflation Probe (June 2009) and the EPIC Phase 1 report (2008); CMBPol Strategic Mission Concept Study",https://arxiv.org/abs/0906.1188,confident,"arXiv:0906.1188 study team page: 'James Bock (PI) JPL/Caltech'; arXiv:0805.4207 (EPIC Phase 1) first author; the report says 'As instructed by the decadal review, we assume a start in October 2010' and recommends a technology plus sub-orbital program for the decade"
joanna-dunkley,Joanna Dunkley (Princeton / Oxford),person,astro2010-inflation-probe-tech,"lead author, 'CMBPol Mission Concept Study: Prospects for polarized foreground removal' (November 2008)",https://arxiv.org/abs/0811.3915,confident,"arXiv:0811.3915 author list begins 'Dunkley, J.'; Foreground Removal Working Group contribution to the CMBPol Mission Concept Study submitted to Astro2010"
shaul-hanany,Shaul Hanany (University of Minnesota),person,astro2010-inflation-probe-tech,"EPIC and EPIC-IM study team member (2008, 2009); later: first author of the PICO probe white paper to Astro2020 (2019)",https://arxiv.org/abs/1908.07495,confident,"Listed on the EPIC-IM study team page (arXiv:0906.1188) and as an EPIC Phase 1 author (arXiv:0805.4207); arXiv:1908.07495 'PICO: Probe of Inflation and Cosmic Origins' author list begins 'Hanany, S.'; a PI title is not stated on the abstract page"
adrian-lee,"Adrian T. Lee (University of California, Berkeley / LBNL)",person,astro2010-inflation-probe-tech,"EPIC and EPIC-IM study team member (2008, 2009)",https://arxiv.org/abs/0906.1188,confident,"Listed on the EPIC-IM study team page (arXiv:0906.1188, 'Adrian Lee UC Berkeley') and as an EPIC Phase 1 author; also a Snowmass 2013 CMB topical convener in the CMB-S4 rows, so he sits on both sides of the space versus ground CMB bets"
agency-nsf,National Science Foundation,agency,astro2010-msip,funder (NSF-AST),https://nap.nationalacademies.org/read/12951,confident,"New Worlds, New Horizons Table ES.3: Mid-Scale Innovations Program augmentation, $93M-$200M committee-generated, NSF-AST; bets.csv agency NSF"
agency-nsf,National Science Foundation,agency,astro2010-msip,implemented MSIP by subsuming older programs after the 2012 Portfolio Review; first call June 2013; mid-scale funding fell from $31M (FY2010) to $15.5M (FY2015),https://www.nationalacademies.org/read/23560/chapter/5,confident,"Midterm chapter 3: 'Following the Portfolio Review, NSF-AST issued a first call for proposals for MSIP in June 2013' (38 pre-proposals, $400M requested, six awards $27.1M); Finding 3-3: implementation 'possible only by subsuming previous programs into MSIP and by aggressive divestment from older facilities'; mid-scale funding dropped by nearly a factor of two"
agency-nsf,National Science Foundation,agency,astro2010-gsmt,funder (MREFC share of about 25 percent in one of GMT or TMT),https://nap.nationalacademies.org/read/12951,confident,"New Worlds, New Horizons Table ES.3: GSMT $1.1B-$1.4B total, U.S. federal share $257M-$350M, 'Immediate partner choice for ~25% federal share'; bets.csv agency NSF"
agency-nsf,National Science Foundation,agency,astro2010-gsmt,made no partner selection and no construction commitment in the first half of the decade (2016),https://www.nationalacademies.org/read/23560/chapter/5,confident,"Midterm Finding 3-5: 'NSF budget constraints have prevented NSF's implementation of the NWNH recommendation that NSF-AST select one partner and participate in GSMT construction'; NSF only issued a partnership-planning solicitation, to which TMT responded (about 20 percent MREFC scenario)"
agency-nsf,National Science Foundation,agency,astro2010-gsmt,later: National Science Board anticipated a down-select with a $1.6B ceiling on NSF's contribution (2024-02-27),https://www.aip.org/fyi/nsf-likely-to-drop-one-of-two-giant-telescopes-from-consideration-for-construction-funds,confident,"AIP FYI, 27 February 2024: NSF's governing board set a '$1.6 billion ceiling on the agency's potential contribution' and 'anticipates that a down-selection will be necessary'"
agency-nsf,National Science Foundation,agency,astro2010-gsmt,later: external review commissioned by NSF Director Sethuraman Panchanathan found NSF funding critical to both GMT and TMT but warned either would dominate the facilities budget (2024-12-16),https://www.aip.org/fyi/gmt-and-tmt-still-in-limbo-after-external-review,confident,"AIP FYI, 16 December 2024: panel of external experts' report; NSF Director Panchanathan named as commissioning it"
agency-nsf,National Science Foundation,agency,astro2010-gsmt,"later: advanced GMT to final design without a construction commitment and dropped TMT (FY2026 request, June 2025)",https://www.aip.org/fyi/the-week-of-june-2-2025,confident,AIP FYI week of 2 June 2025: NSF 'will not advance the Thirty Meter Telescope project to the final design phase or supply any further funding' and 'does pledge to advance the Giant Magellan Telescope to the final design phase but does not commit to seek construction funding'
patrick-mccarthy,Patrick J. McCarthy (Giant Magellan Telescope Organization / Carnegie Observatories),person,astro2010-gsmt,GMTO scientist at ranking; co-author of the GMT site-testing summary and final report (2010-2011); GMTO director per search snippets,https://arxiv.org/abs/1101.2340,guess,"arXiv:1101.2340 (January 2011) lists McCarthy with affiliations Giant Magellan Telescope Organization and Carnegie Observatories and cites 'Thomas-Osip, Johns, McCarthy, Phillips, Prieto, GMT Site Testing at Las Campanas: Final Report, GMTO, 2010'; the director (later GMTO president) title rests on search snippets only, gmto.org not reachable"
matt-johns,Matt W. Johns (Giant Magellan Telescope Organization),person,astro2010-gsmt,GMT project manager at ranking per search snippets; author of the GMT Conceptual Design Report (2006) and lead author of 'The Giant Magellan Telescope (GMT)' (SPIE 2012),https://arxiv.org/abs/1101.2340,guess,"arXiv:1101.2340 lists Johns at GMTO and cites 'Johns, M. W., Giant Magellan Telescope Conceptual Design Report, GMT Consortium, 2006'; arXiv:2606.11253 cites 'Johns, M., et al. 2012, The Giant Magellan Telescope (GMT), Proc. SPIE 8444'; the project manager title is a search snippet only"
jerry-nelson,"Jerry Nelson (University of California, Santa Cruz / TMT)",person,astro2010-gsmt,"TMT project scientist at ranking per search snippets; co-author of the TMT site-testing overview (2009) and of 'The Thirty Meter Telescope (TMT) project' (SPIE 2008, with Sanders)",https://arxiv.org/abs/0904.1183,guess,"arXiv:0904.1183 (April 2009) lists J. Nelson among the TMT site-testing authors; arXiv:2606.11253 cites 'Nelson, J. & Sanders, G. H. 2008, The Thirty Meter Telescope (TMT) project, Proc. SPIE 7012'; the project scientist title is not stated on a page read"
gary-sanders,Gary H. Sanders (TMT Observatory Corporation),person,astro2010-gsmt,TMT project manager at ranking per search snippets; co-author of 'The Thirty Meter Telescope (TMT) project' (SPIE 2008) and 'The status of the TMT project' (SPIE 2010),https://arxiv.org/abs/2606.11253,guess,"Known here only through citations: arXiv:2606.11253 reference list ('Nelson, J. & Sanders, G. H. 2008') and search snippets citing 'Sanders and Nelson, The status of the Thirty Meter Telescope project, Proc. SPIE 7733 (2010)'; no page read names his title"
warren-skidmore,"Warren Skidmore (TMT Observatory Corporation, later TMT International Observatory)",person,astro2010-gsmt,TMT site-testing team member at ranking (2009); later: lead author of 'The TMT International Observatory facilitating transformative astrophysical science' (2018),https://arxiv.org/abs/1806.02481,confident,"arXiv:0904.1183 lists W. Skidmore with affiliation 3 (TMT Observatory Corporation); arXiv:1806.02481 front page: 'Warren Skidmore, Thirty Meter Telescope International Observatory, 100 W. Walnut St., Pasadena'"
agency-doe,"U.S. Department of Energy, Office of Science (HEP)",agency,astro2010-acta,"funder (share of a $100M U.S. contribution split DOE, NSF-PHY, NSF-AST)",https://nap.nationalacademies.org/read/12951,confident,"New Worlds, New Horizons Table ES.3 and p. 24: U.S. AGIS team to join the European CTA as a partner with about $100M over the decade shared between DOE, NSF-Physics and NSF-Astronomy; bets.csv agency DOE+NSF"
agency-nsf,National Science Foundation,agency,astro2010-acta,funder (NSF-PHY and NSF-AST shares),https://nap.nationalacademies.org/read/12951,confident,"New Worlds, New Horizons Table ES.3: ACTA 'NSF/DOE; U.S. join European Cerenkov Telescope Array'; bets.csv agency DOE+NSF"
agency-doe,"U.S. Department of Energy, Office of Science (HEP)",agency,astro2010-acta,later: P5 2014 recommended DOE and NSF-PHY invest in CTA only 'if the critical NSF Astronomy funding can be obtained' (May 2014),https://www.usparticlephysics.org/wp-content/uploads/2018/03/FINAL_P5_Report_053014.pdf,confident,"P5 report p. 15 and local sources/p5-2014.txt lines 1296-1312: 'the project costs should be shared by NSF Astronomy, NSF Physics, and DOE ... The scope of the U.S. component of CTA can be reduced by up to a factor of two'; quoted by the midterm chapter 3"
agency-nsf,National Science Foundation,agency,astro2010-acta,later: no line-item U.S. CTA construction share; U.S. plan reduced to the NSF Astronomy and Physics mid-scale level (2016),https://www.nationalacademies.org/read/23560/chapter/5,confident,"Midterm chapter 3: 'The U.S. groups have developed a plan for participation in CTA, but at a lower level than that originally proposed at the time of NWNH. This plan seeks funding at a level appropriate for the mid-scale programs of the Astronomy and Physics divisions of NSF'; Finding 3-7"
agency-nsf,National Science Foundation,agency,astro2010-acta,"later: funded the prototype Schwarzschild-Couder Telescope through the MRI program (award 1229792), not a CTA construction share",https://arxiv.org/abs/1709.06324,confident,"arXiv:1709.06324 acknowledgements: 'Major Research Instrumentation program (MRI award 1229792)'; outcomes row (arXiv:2509.05527) says the SCT is still only a candidate CTA medium-sized telescope, so no U.S. federal construction share"
james-buckley,James Buckley (Washington University in St. Louis),person,astro2010-acta,"first-listed organizer and working-group chair, APS DAP white paper 'The Status and future of ground-based TeV gamma-ray astronomy' (October 2008), the AGIS community case Astro2010 received",https://arxiv.org/abs/0810.0444,confident,"arXiv:0810.0444 front page: 'Organizers and working-group chairs: J. Buckley, Washington University, St. Louis, K. Byrum, ... V. Vassiliev, ... D.A. Williams'; the paper describes 'the AGIS collaboration (Advanced Gamma ray Imaging System)'. The brief's arXiv:0902.4010 is a different (hep-th) paper; the AGIS Astro2010 RFI response itself was not found on arXiv"
vladimir-vassiliev,"Vladimir Vassiliev (University of California, Los Angeles)",person,astro2010-acta,"organizer and working-group chair, AGIS/APS DAP white paper (2008); chaired an AGIS session in its workshop record; later: co-author of the prototype Schwarzschild-Couder telescope optical system papers (2017, 2021)",https://arxiv.org/abs/0810.0444,confident,arXiv:0810.0444 front page organizer list and 'Chairperson: Vladimir Vassiliev' in the appended workshop programme; arXiv:1709.06324 and arXiv:2110.07463 list V. Vassiliev among the pSCT authors
karen-byrum,Karen Byrum (Argonne National Laboratory),person,astro2010-acta,"organizer and working-group chair, AGIS/APS DAP white paper (2008)",https://arxiv.org/abs/0810.0444,confident,"arXiv:0810.0444 front page: 'K. Byrum, Argonne National Laboratory' among organizers; 'Chairperson: Karen Byrum' in the appended workshop programme"
henric-krawczynski,Henric Krawczynski (Washington University in St. Louis),person,astro2010-acta,"organizer and working-group chair, AGIS/APS DAP white paper (2008)",https://arxiv.org/abs/0810.0444,confident,"arXiv:0810.0444 front page lists 'H. Krawzcynski, Washington University, St. Louis' (sic) among organizers and working-group chairs"
rene-ong,"Rene A. Ong (University of California, Los Angeles)",person,astro2010-acta,later project leader: represented the CTA Consortium in its 2017 status review; lead author of the U.S. CTA site characterization (2013),https://arxiv.org/abs/1709.05434,confident,"arXiv:1709.05434 title page: 'The CTA Consortium, represented by Rene A. Ong'; arXiv:1307.4719 'Characterization of Potential U.S. Sites for the Cherenkov Telescope Array', R.A. Ong, T. Aune, J. Hall for the CTA Consortium; his CTA co-spokesperson title appears only in search snippets"
brian-humensky,T. Brian Humensky (Columbia University),person,astro2010-acta,"later: co-author of the prototype Schwarzschild-Couder telescope papers (2017, 2021), the U.S. CTA hardware contribution",https://arxiv.org/abs/1709.06324,confident,"arXiv:1709.06324 author list (Nieto, Humensky, Vassiliev et al.); project leadership title not stated on the pages read"
agency-nsf,National Science Foundation,agency,astro2010-ccat,"funder (about one-third federal share, $37M of $140M plus $7.5M/yr operations)",https://nap.nationalacademies.org/read/12951,confident,"New Worlds, New Horizons Table ES.2: CCAT 'University-led, 33% federal share', NSF-AST; bets.csv agency NSF"
agency-nsf,National Science Foundation,agency,astro2010-ccat,"funded only $4.75M of design (2011-2015), declined a line item, and did not fund the consortium's MSIP proposal (2016)",https://www.nationalacademies.org/read/23560/chapter/5,confident,Midterm chapter 3: 'The NSF contribution so far this decade to CCAT has been support for the design at $4.75 million from 2011 to 2015'; Portfolio Review supported CCAT only if MSIP reached $30M/yr; the MSIP proposal 'was not funded'; Finding 3-8
riccardo-giovanelli,Riccardo Giovanelli (Cornell University),person,astro2010-ccat,lead author of the CCAT Astro2010 white paper (2009) per the CCAT publications list; co-author of the 2006 and 2007 CCAT concept papers,https://arxiv.org/abs/0704.3031,guess,"The 2009 white paper ('Giovanelli, R., Carpenter, J., Radford, S., Sebring, T., Soifer, T., Stacey, G., Zmuidzinas, J. and the CCAT Collaboration') is known only from a search snippet of submm.caltech.edu, host not opened; arXiv:0704.3031 and arXiv:astro-ph/0610528 list him as second author (Cornell CRSR), confident for those"
simon-radford,Simon J. E. Radford (Caltech),person,astro2010-ccat,"lead author, 'The Cornell Caltech Atacama Telescope' (2007); co-author of the 2009 Astro2010 white paper per the CCAT publications list",https://arxiv.org/abs/0704.3031,confident,"arXiv:0704.3031 (April 2007) author list: Radford, Giovanelli, Sebring, Zmuidzinas; the paper says Cornell, Caltech and JPL are jointly studying a 25 m submillimeter telescope with initial observations then planned for 2012"
thomas-sebring,Thomas A. Sebring (Cornell University),person,astro2010-ccat,"lead author, 'CCAT: a 25 m aperture telescope above 5000 m altitude' (SPIE 2006); CCAT project manager per search snippets",https://arxiv.org/abs/astro-ph/0610528,guess,"arXiv:astro-ph/0610528 author list begins 'Thomas A. Sebring, Riccardo Giovanelli' (Cornell CRSR); the text says the feasibility study was led by 'a Project Manager and Deputy' without naming them, so the project manager title is a guess"
jonas-zmuidzinas,Jonas Zmuidzinas (Caltech / JPL),person,astro2010-ccat,co-author of the 2006 and 2007 CCAT concept papers and of the 2009 Astro2010 white paper per the CCAT publications list,https://arxiv.org/abs/0704.3031,confident,Fourth author on arXiv:0704.3031 and arXiv:astro-ph/0610528 (Caltech); also on the EPIC-IM study team (arXiv:0906.1188)
gordon-stacey,Gordon J. Stacey (Cornell University),person,astro2010-ccat,co-author of the 2009 CCAT white paper per the CCAT publications list; later project leader: lead author of 'CCAT-prime: Science with an Ultra-widefield Submillimeter Observatory at Cerro Chajnantor' (2018),https://arxiv.org/abs/1807.04354,confident,"arXiv:1807.04354 (SPIE June 2018) author list begins 'G.J. Stacey, Cornell'; the paper describes the 6 m CCAT-prime 'that we are constructing'; his 2009 authorship is from the search snippet only"
michael-niemack,Michael D. Niemack (Cornell University),person,astro2010-ccat,later project leader: designer of the CCAT-prime/FYST crossed-Dragone telescope concept (2016) and co-author of the Prime-Cam status papers (2018-2026),https://arxiv.org/abs/2608.25111,confident,"arXiv:2608.25111 reference [3]: 'Niemack, M. D., Designs for a large-aperture telescope to map the CMB 10x faster, Applied Optics 55 (2016)'; listed among the Prime-Cam authors (Cornell); a project director title is not stated"
eve-vavagiakis,Eve M. Vavagiakis (Duke University / Cornell University),person,astro2010-ccat,later project leader: lead author for the CCAT Collaboration of the Prime-Cam overview and status (August 2026) and the CCAT Observatory overview (November 2025),https://arxiv.org/abs/2608.25111,confident,arXiv:2608.25111 front page: 'Eve M. Vavagiakis ... and the CCAT Collaboration'; arXiv:2511.01707 'E. M. Vavagiakis for the CCAT Collaboration'; both say the CCAT Collaboration is 'an international partnership of institutions led by Cornell University'
